2024-07-13T13:28:51.674Z,speed_003,1.8071177701279477
2024-07-13T13:28:56.674Z,speed_003,1.8292921771534487
2024-07-13T13:29:01.679Z,speed_003,1.7890334050580947
2024-07-13T13:29:06.682Z,speed_003,1.8121049460471796
2024-07-13T13:29:11.687Z,speed_003,1.8491244848999737
2024-07-13T13:29:16.688Z,speed_003,1.7844630374736397
2024-07-13T13:29:21.693Z,speed_003,1.753466038222918
2024-07-13T13:29:26.698Z,speed_003,1.7511038414906943
2024-07-13T13:29:31.702Z,speed_003,1.7899702256052223
2024-07-13T13:29:36.706Z,speed_003,1.8363039496352884
timestamp,sensor_id,speed
2024-07-13T13:29:41.710Z,speed_003,1.8337961152455093

2024-07-13T13:29:46.710Z,speed_003,1.767645730551322

timestamp,sensor_id,speed
2024-07-13T13:29:51.713Z,speed_003,1.8496404724992306

2024-07-13T13:29:56.718Z,speed_003,1.8149748207293888

2024-07-13T13:30:01.722Z,speed_003,1.794544421061278

2024-07-13T13:30:06.726Z,speed_003,1.824939879989446

2024-07-13T13:30:11.731Z,speed_003,1.8157694527815127

timestamp,sensor_id,speed
2024-07-13T13:30:16.731Z,speed_003,1.7723964120410924

2024-07-13T13:30:21.737Z,speed_003,1.7786241946384855

2024-07-13T13:30:26.742Z,speed_003,1.845001385162176

timestamp,sensor_id,speed
2024-07-13T13:30:31.745Z,speed_003,1.847664141286714

2024-07-13T13:30:36.750Z,speed_003,1.780737609770905

2024-07-13T13:30:41.754Z,speed_003,1.7524674591611937

2024-07-13T13:30:46.754Z,speed_003,1.8468877160565162

2024-07-13T13:30:51.758Z,speed_003,1.8416614175686485

2024-07-13T13:30:56.762Z,speed_003,1.8175549783026934

2024-07-13T13:31:01.766Z,speed_003,1.8432540856865862

2024-07-13T13:31:06.770Z,speed_003,1.777881782018886

2024-07-13T13:31:11.774Z,speed_003,1.7830176188725249

2024-07-13T13:31:16.774Z,speed_003,1.7597693164807129

2024-07-13T13:31:21.779Z,speed_003,1.821797670481766

2024-07-13T13:31:26.784Z,speed_003,1.8493885334906348

2024-07-13T13:31:31.786Z,speed_003,1.846856607961698

2024-07-13T13:31:36.790Z,speed_003,1.8307656054555896

2024-07-13T13:31:41.794Z,speed_003,1.7809220426080903

2024-07-13T13:31:46.794Z,speed_003,1.7663675577374924

timestamp,sensor_id,speed
2024-07-13T13:31:51.799Z,speed_003,1.7602621837218517
2024-07-13T13:31:56.804Z,speed_003,1.758846445530815
2024-07-13T13:32:01.809Z,speed_003,1.8038115166969304
2024-07-13T13:32:06.814Z,speed_003,1.783996381259731
2024-07-13T13:32:11.819Z,speed_003,1.8471041563163122
2024-07-13T13:32:16.819Z,speed_003,1.8164382781908934
2024-07-13T13:32:21.822Z,speed_003,1.760594571979262
2024-07-13T13:32:26.827Z,speed_003,1.8468551193407534
2024-07-13T13:32:31.832Z,speed_003,1.782656504379788
2024-07-13T13:32:36.837Z,speed_003,1.7861052347933053
2024-07-13T13:32:41.838Z,speed_003,1.8233970770005656
2024-07-13T13:32:46.839Z,speed_003,1.802206153343397
2024-07-13T13:32:51.842Z,speed_003,1.804909372052018
2024-07-13T13:32:56.846Z,speed_003,1.801702288827811
2024-07-13T13:33:01.850Z,speed_003,1.8183154633212473
2024-07-13T13:33:06.855Z,speed_003,1.8318834871469492
2024-07-13T13:33:11.858Z,speed_003,1.7784263735779484
2024-07-13T13:33:16.858Z,speed_003,1.843553439681733
2024-07-13T13:33:21.862Z,speed_003,1.8004269578113687
2024-07-13T13:33:26.866Z,speed_003,1.7543022932043426
2024-07-13T13:33:31.871Z,speed_003,1.7915184108203157
2024-07-13T13:33:36.874Z,speed_003,1.7894275660606063
timestamp,sensor_id,speed
2024-07-13T13:33:41.878Z,speed_003,1.8338547491169883
2024-07-13T13:33:46.879Z,speed_003,1.7779228652813075
2024-07-13T13:33:51.884Z,speed_003,1.8019098817952233
2024-07-13T13:33:56.890Z,speed_003,1.8053755782021816
2024-07-13T13:34:01.894Z,speed_003,1.7865772964314863
2024-07-13T13:34:06.899Z,speed_003,1.7525294495930566
2024-07-13T13:34:11.902Z,speed_003,1.8349460477094945
2024-07-13T13:34:16.902Z,speed_003,1.8378041280778592
2024-07-13T13:34:21.907Z,speed_003,1.7930431248146335
2024-07-13T13:34:26.912Z,speed_003,1.8199678070449246
2024-07-13T13:34:31.917Z,speed_003,1.796998454846533
2024-07-13T13:34:36.922Z,speed_003,1.8227643459123621
2024-07-13T13:34:41.926Z,speed_003,1.8139311451465658
timestamp,sensor_id,speed
2024-07-13T13:34:46.927Z,speed_003,1.819867646766548
2024-07-13T13:34:51.932Z,speed_003,1.7883944003277847
2024-07-13T13:34:56.934Z,speed_003,1.8067514654188406
2024-07-13T13:35:01.935Z,speed_003,1.8387747967658736
2024-07-13T13:35:06.937Z,speed_003,1.8450289309721155
2024-07-13T13:35:11.943Z,speed_003,1.773836515649601
2024-07-13T13:35:16.943Z,speed_003,1.8032835226302177
2024-07-13T13:35:21.945Z,speed_003,1.8275501652549315
2024-07-13T13:35:26.950Z,speed_003,1.8080794509729186
2024-07-13T13:35:31.956Z,speed_003,1.7975983272045994
2024-07-13T13:35:36.958Z,speed_003,1.7506808341263913
2024-07-13T13:35:41.963Z,speed_003,1.8491675880708835
2024-07-13T13:35:46.964Z,speed_003,1.7896381413133797
2024-07-13T13:35:51.966Z,speed_003,1.800645064219106
2024-07-13T13:35:56.969Z,speed_003,1.806861250131914
2024-07-13T13:36:01.973Z,speed_003,1.7964889845991618
2024-07-13T13:36:06.977Z,speed_003,1.7986954434295783
2024-07-13T13:36:11.983Z,speed_003,1.774675143456509
2024-07-13T13:36:16.984Z,speed_003,1.7523687217008443
2024-07-13T13:36:21.986Z,speed_003,1.84523981572217
2024-07-13T13:36:26.990Z,speed_003,1.8278549658427017
2024-07-13T13:36:31.995Z,speed_003,1.8421676962476439
2024-07-13T13:36:36.998Z,speed_003,1.8032062693968984
2024-07-13T13:36:42.004Z,speed_003,1.83162469982447
2024-07-13T13:36:47.004Z,speed_003,1.8386528430221631
2024-07-13T13:36:52.006Z,speed_003,1.8462573520139884
2024-07-13T13:36:57.010Z,speed_003,1.8486940564741448
2024-07-13T13:37:02.016Z,speed_003,1.8099538353600195
2024-07-13T13:37:07.018Z,speed_003,1.8258827405186864
2024-07-13T13:37:12.021Z,speed_003,1.792830032149695
2024-07-13T13:37:17.022Z,speed_003,1.845622651241131
2024-07-13T13:37:22.026Z,speed_003,1.7817139100856207
2024-07-13T13:37:27.030Z,speed_003,1.8085965751124538
2024-07-13T13:37:32.034Z,speed_003,1.771311313356555
2024-07-13T13:37:37.038Z,speed_003,1.7687475411837226
2024-07-13T13:37:42.039Z,speed_003,1.7703457857590963
2024-07-13T13:37:47.039Z,speed_003,1.8174308768000298
timestamp,sensor_id,speed
2024-07-13T13:37:52.044Z,speed_003,1.8174672395170828
2024-07-13T13:37:57.046Z,speed_003,1.8181955448234064
2024-07-13T13:38:02.050Z,speed_003,1.7555012934301109
timestamp,sensor_id,speed
2024-07-13T13:38:07.054Z,speed_003,1.8125022192701368
2024-07-13T13:38:12.057Z,speed_003,1.7788723137996554
2024-07-13T13:38:17.058Z,speed_003,1.7655548018266212
2024-07-13T13:38:22.065Z,speed_003,1.8318419552707057
2024-07-13T13:38:27.070Z,speed_003,1.816156046779408
2024-07-13T13:38:32.075Z,speed_003,1.7500529928161332
2024-07-13T13:38:37.078Z,speed_003,1.848253492001087
2024-07-13T13:38:42.083Z,speed_003,1.8186815635516265
2024-07-13T13:38:47.084Z,speed_003,1.777826339809017
2024-07-13T13:38:52.086Z,speed_003,1.7766725340188654
2024-07-13T13:38:57.090Z,speed_003,1.7758261356751397
2024-07-13T13:39:02.094Z,speed_003,1.7532583178115186
2024-07-13T13:39:07.099Z,speed_003,1.7559788892099482
2024-07-13T13:39:12.102Z,speed_003,1.8340827530218786
2024-07-13T13:39:17.102Z,speed_003,1.7671756170532944
2024-07-13T13:39:22.106Z,speed_003,1.830901724880711
2024-07-13T13:39:27.110Z,speed_003,1.838811700996208
timestamp,sensor_id,speed
2024-07-13T13:40:17.147Z,speed_003,1.7693523776850395
2024-07-13T13:40:22.149Z,speed_003,1.844719775474397
2024-07-13T13:40:27.154Z,speed_003,1.8114161445713326
2024-07-13T13:40:32.159Z,speed_003,1.798973828106621
2024-07-13T13:40:37.164Z,speed_003,1.7793418691770033
2024-07-13T13:40:42.170Z,speed_003,1.785977844046569
2024-07-13T13:40:47.170Z,speed_003,1.80106908296728
2024-07-13T13:40:52.176Z,speed_003,1.8228977570361726
2024-07-13T13:40:57.178Z,speed_003,1.7978927128834248
2024-07-13T13:41:02.183Z,speed_003,1.8461145819579088
2024-07-13T13:41:07.186Z,speed_003,1.813830420428733
2024-07-13T13:41:12.190Z,speed_003,1.8263969564737808
2024-07-13T13:41:17.190Z,speed_003,1.7823957799959613
2024-07-13T13:41:22.195Z,speed_003,1.8243349280015655
2024-07-13T13:41:27.200Z,speed_003,1.825433513265972
2024-07-13T13:41:32.206Z,speed_003,1.7973591585039028
2024-07-13T13:41:37.211Z,speed_003,1.7899909788520634
2024-07-13T13:41:42.213Z,speed_003,1.8364084562265581
2024-07-13T13:41:47.214Z,speed_003,1.8236425408583845
2024-07-13T13:41:52.218Z,speed_003,1.7796959266303451
timestamp,sensor_id,speed
2024-07-13T13:41:57.222Z,speed_003,1.762794888666414
2024-07-13T13:42:02.227Z,speed_003,1.782615847998861
2024-07-13T13:42:07.230Z,speed_003,1.7994190580939224
2024-07-13T13:42:12.234Z,speed_003,1.7714022574357762
2024-07-13T13:42:17.235Z,speed_003,1.8438829616054675
2024-07-13T13:42:22.241Z,speed_003,1.7717701981099676
2024-07-13T13:42:27.246Z,speed_003,1.8423267989540388
2024-07-13T13:42:32.251Z,speed_003,1.7865596604492084
2024-07-13T13:42:37.256Z,speed_003,1.8330088502053987
2024-07-13T13:42:42.262Z,speed_003,1.769288009869671
2024-07-13T13:42:47.263Z,speed_003,1.8051242758649622
2024-07-13T13:42:52.268Z,speed_003,1.7628337588238379
2024-07-13T13:42:57.270Z,speed_003,1.8326992210741473
2024-07-13T13:43:02.273Z,speed_003,1.8009934592613595
2024-07-13T13:43:07.278Z,speed_003,1.8438185306391777
2024-07-13T13:43:12.283Z,speed_003,1.8495456711340437
2024-07-13T13:43:17.284Z,speed_003,1.7644525394399868
2024-07-13T13:43:22.286Z,speed_003,1.798129771045992
2024-07-13T13:43:27.291Z,speed_003,1.79919893100382
2024-07-13T13:43:32.294Z,speed_003,1.80895935560057
2024-07-13T13:43:37.299Z,speed_003,1.8308607185605639
2024-07-13T13:43:42.304Z,speed_003,1.7759204055140003
2024-07-13T13:43:47.305Z,speed_003,1.8354049151603786
2024-07-13T13:43:52.310Z,speed_003,1.8039715186108716
2024-07-13T13:43:57.313Z,speed_003,1.833852356915231
timestamp,sensor_id,speed
2024-07-13T13:44:02.317Z,speed_003,1.8279510350831887
2024-07-13T13:44:07.322Z,speed_003,1.781685958668107
2024-07-13T13:44:12.326Z,speed_003,1.7555084188422074
2024-07-13T13:44:17.327Z,speed_003,1.7744897414577105
2024-07-13T13:44:22.331Z,speed_003,1.7930782951260231
2024-07-13T13:44:27.331Z,speed_003,1.7511320694939227
2024-07-13T13:44:32.334Z,speed_003,1.7689878431804795
2024-07-13T13:44:37.339Z,speed_003,1.802497404721911
2024-07-13T13:44:42.342Z,speed_003,1.8114057219069022
2024-07-13T13:44:47.343Z,speed_003,1.8325655021478013
2024-07-13T13:44:52.346Z,speed_003,1.7558645658039644
2024-07-13T13:44:57.350Z,speed_003,1.8069465004015959
timestamp,sensor_id,speed
2024-07-13T13:45:02.354Z,speed_003,1.787844040921018
timestamp,sensor_id,speed
2024-07-13T13:45:07.359Z,speed_003,1.8017297689523848
2024-07-13T13:45:12.361Z,speed_003,1.777901080376148
2024-07-13T13:45:17.362Z,speed_003,1.7946844889897835
2024-07-13T13:45:22.366Z,speed_003,1.7842277886629105
2024-07-13T13:45:27.370Z,speed_003,1.7719410586192055
2024-07-13T13:45:32.375Z,speed_003,1.7745251020112085
2024-07-13T13:45:37.380Z,speed_003,1.7645785787993469
2024-07-13T13:45:42.385Z,speed_003,1.8256743224155862
2024-07-13T13:45:47.385Z,speed_003,1.7767908707039815
2024-07-13T13:45:52.390Z,speed_003,1.7860562161819442
2024-07-13T13:45:57.396Z,speed_003,1.821577260770635
2024-07-13T13:46:02.401Z,speed_003,1.817785632947489
2024-07-13T13:46:07.406Z,speed_003,1.8269602194752936
2024-07-13T13:46:12.412Z,speed_003,1.8196320257120928
2024-07-13T13:46:17.413Z,speed_003,1.7999055400550854
2024-07-13T13:46:22.418Z,speed_003,1.784755401670714
2024-07-13T13:46:27.424Z,speed_003,1.8417866279641073
2024-07-13T13:46:32.429Z,speed_003,1.8059520661118615
2024-07-13T13:46:37.434Z,speed_003,1.7851565487725418
2024-07-13T13:46:42.439Z,speed_003,1.7765582256116672
2024-07-13T13:46:47.440Z,speed_003,1.7609446181183923
2024-07-13T13:46:52.446Z,speed_003,1.7941457803572802
2024-07-13T13:46:57.449Z,speed_003,1.774584389045358
2024-07-13T13:47:02.454Z,speed_003,1.8010220017729393
2024-07-13T13:47:07.459Z,speed_003,1.7506929831051008
2024-07-13T13:47:12.465Z,speed_003,1.8387981364931332
2024-07-13T13:47:17.466Z,speed_003,1.8118996093856223
2024-07-13T13:47:22.471Z,speed_003,1.7509101878414723
2024-07-13T13:47:27.477Z,speed_003,1.7637451691101402
2024-07-13T13:47:32.482Z,speed_003,1.7816643192382247
2024-07-13T13:47:37.486Z,speed_003,1.8049958854852366
2024-07-13T13:47:42.491Z,speed_003,1.811743711521721
2024-07-13T13:47:47.492Z,speed_003,1.787353752995456
2024-07-13T13:47:52.494Z,speed_003,1.7699266732509724
2024-07-13T13:47:57.499Z,speed_003,1.777652683111373
2024-07-13T13:48:02.506Z,speed_003,1.802274034097726
2024-07-13T13:48:07.510Z,speed_003,1.8443661050767457
2024-07-13T13:48:12.516Z,speed_003,1.8143135731313556
2024-07-13T13:48:17.517Z,speed_003,1.8490576319840828
2024-07-13T13:48:22.522Z,speed_003,1.8138827039139458
2024-07-13T13:48:27.528Z,speed_003,1.7970769665646642
2024-07-13T13:48:32.530Z,speed_003,1.8446621565269214
2024-07-13T13:48:37.535Z,speed_003,1.8392331928634087
2024-07-13T13:48:42.538Z,speed_003,1.7840113843782515
2024-07-13T13:48:47.539Z,speed_003,1.8495883395327204
2024-07-13T13:48:52.544Z,speed_003,1.8367043151783213
2024-07-13T13:48:57.546Z,speed_003,1.7604461587612041
2024-07-13T13:49:02.551Z,speed_003,1.7605204594831807
2024-07-13T13:49:07.554Z,speed_003,1.7807461921453709
2024-07-13T13:49:12.557Z,speed_003,1.8264491728238583
2024-07-13T13:49:17.558Z,speed_003,1.7854105226868886
2024-07-13T13:49:22.565Z,speed_003,1.8097168263743393
2024-07-13T13:49:27.570Z,speed_003,1.8154821705217228
2024-07-13T13:49:32.575Z,speed_003,1.804608699861746
2024-07-13T13:49:37.580Z,speed_003,1.8338897980145294
2024-07-13T13:49:42.586Z,speed_003,1.8439317331357508
2024-07-13T13:49:47.587Z,speed_003,1.8107633414657411
2024-07-13T13:49:52.591Z,speed_003,1.8183997853825076
2024-07-13T13:49:57.594Z,speed_003,1.7999215104857758
2024-07-13T13:50:02.599Z,speed_003,1.792648129930651
2024-07-13T13:50:07.605Z,speed_003,1.798987922713759
2024-07-13T13:50:12.610Z,speed_003,1.7843074750314003
2024-07-13T13:50:17.611Z,speed_003,1.8356713826733557
2024-07-13T13:50:22.616Z,speed_003,1.8205968775247106
2024-07-13T13:50:27.621Z,speed_003,1.8150276818591902
2024-07-13T13:50:32.627Z,speed_003,1.7885980697802977
2024-07-13T13:50:37.632Z,speed_003,1.7714728732687932
2024-07-13T13:50:42.637Z,speed_003,1.819165706866681
2024-07-13T13:50:47.638Z,speed_003,1.8130981894163563
2024-07-13T13:50:52.643Z,speed_003,1.8138725535721105
2024-07-13T13:50:57.648Z,speed_003,1.7931057318091403
2024-07-13T13:51:02.653Z,speed_003,1.8249832913772646
timestamp,sensor_id,speed
2024-07-15T11:41:02.077Z,speed_003,1.8190064659682676
2024-07-15T11:41:07.077Z,speed_003,1.7947409546876631
2024-07-15T11:41:12.081Z,speed_003,1.7803220743360477
2024-07-15T11:41:17.083Z,speed_003,1.8397720452121975
2024-07-15T11:41:22.088Z,speed_003,1.7567168577167689
2024-07-15T11:41:27.088Z,speed_003,1.7643553064957405
2024-07-15T11:41:32.092Z,speed_003,1.8464564593433155
2024-07-15T11:41:37.096Z,speed_003,1.7942197387648862
2024-07-15T11:41:42.102Z,speed_003,1.8121637621512072
2024-07-15T11:41:47.107Z,speed_003,1.7702746165337104
2024-07-15T11:41:52.112Z,speed_003,1.7558508521380887
2024-07-15T11:41:57.112Z,speed_003,1.775322248688579
2024-07-15T11:42:02.118Z,speed_003,1.7640365252327714
2024-07-15T11:42:07.124Z,speed_003,1.7567072043015988
2024-07-15T11:42:12.129Z,speed_003,1.8485527724395037
2024-07-15T11:42:17.134Z,speed_003,1.7757384186914584
2024-07-15T11:42:22.135Z,speed_003,1.8422110433504582
2024-07-15T11:42:27.136Z,speed_003,1.819623766296541
2024-07-15T11:42:32.139Z,speed_003,1.8034750146742242
2024-07-15T11:42:37.143Z,speed_003,1.7580275714385405
2024-07-15T11:42:42.147Z,speed_003,1.7588751300357037
2024-07-15T11:42:47.153Z,speed_003,1.806895372053854
2024-07-15T11:42:52.158Z,speed_003,1.761605293445699
2024-07-15T11:42:57.158Z,speed_003,1.847289820073796
2024-07-15T11:43:02.163Z,speed_003,1.7536212879585573
2024-07-15T11:43:07.167Z,speed_003,1.8289560572268444
2024-07-15T11:43:12.171Z,speed_003,1.8344825515064056
2024-07-15T11:43:17.175Z,speed_003,1.7936532446339757
2024-07-15T11:43:22.179Z,speed_003,1.79908906072565
2024-07-15T11:43:27.180Z,speed_003,1.7510366992957616
2024-07-15T11:43:32.185Z,speed_003,1.7615125853578832
2024-07-15T11:43:37.191Z,speed_003,1.7948894235769348
2024-07-15T11:43:42.195Z,speed_003,1.8472373843602687
2024-07-15T11:43:47.201Z,speed_003,1.8101380583177744
2024-07-15T11:43:52.205Z,speed_003,1.7984016177311397
2024-07-15T11:43:57.207Z,speed_003,1.7885303153807548
2024-07-15T11:44:02.212Z,speed_003,1.7844064888167366
2024-07-15T11:44:07.215Z,speed_003,1.7873897778383026
2024-07-15T11:44:12.221Z,speed_003,1.819242400569705
2024-07-15T11:44:17.224Z,speed_003,1.7567355871421677
2024-07-15T11:44:22.229Z,speed_003,1.7818107887786314
2024-07-15T11:44:27.230Z,speed_003,1.7733764831567445
2024-07-15T11:44:32.236Z,speed_003,1.7523556675037426
2024-07-15T11:44:37.241Z,speed_003,1.7626867094592136
2024-07-15T11:44:42.247Z,speed_003,1.8418663411864402
2024-07-15T11:44:47.251Z,speed_003,1.7787510672086344
2024-07-15T11:44:52.255Z,speed_003,1.8305026266501694
2024-07-15T11:44:57.256Z,speed_003,1.7613907567891114
2024-07-15T11:45:02.259Z,speed_003,1.8115527875383257
2024-07-15T11:45:07.264Z,speed_003,1.7884411185503535
2024-07-15T11:45:12.267Z,speed_003,1.7725711220004516
2024-07-15T11:45:17.271Z,speed_003,1.801955678201847
2024-07-15T11:45:22.275Z,speed_003,1.8472185835842418
2024-07-15T11:45:27.275Z,speed_003,1.8110383367000313
2024-07-15T11:45:32.279Z,speed_003,1.8012177882713127
2024-07-15T11:45:37.283Z,speed_003,1.794125662768672
2024-07-15T11:45:42.287Z,speed_003,1.8390952544411476
2024-07-15T11:45:47.293Z,speed_003,1.8022894177676103
2024-07-15T11:45:52.295Z,speed_003,1.7684507183381522
2024-07-15T11:45:57.296Z,speed_003,1.8014992711678894
2024-07-15T11:46:02.301Z,speed_003,1.7887567697794005
2024-07-15T11:46:07.303Z,speed_003,1.7863101071246685
2024-07-15T11:46:12.309Z,speed_003,1.7799286378965933
2024-07-15T11:46:17.314Z,speed_003,1.8106453989964448
2024-07-15T11:46:22.320Z,speed_003,1.8297933946730676
2024-07-15T11:46:27.320Z,speed_003,1.835517633735836
2024-07-15T11:46:32.325Z,speed_003,1.8036683153172866
2024-07-15T11:46:37.327Z,speed_003,1.8229803980655266
2024-07-15T11:46:42.331Z,speed_003,1.7507914302448282
2024-07-15T11:46:47.336Z,speed_003,1.838753254684562
2024-07-15T11:46:52.341Z,speed_003,1.770070452775998
2024-07-15T11:46:57.341Z,speed_003,1.7517745692985895
2024-07-15T11:47:02.347Z,speed_003,1.7893132696942664
2024-07-15T11:47:07.351Z,speed_003,1.8166525528081894
2024-07-15T11:47:12.356Z,speed_003,1.842950793112614
2024-07-15T11:47:17.359Z,speed_003,1.7638983190681126
2024-07-15T11:47:22.360Z,speed_003,1.7711721261778808
2024-07-15T11:47:27.361Z,speed_003,1.820487538003037
2024-07-15T11:47:32.366Z,speed_003,1.7898385547852065
2024-07-15T11:47:37.372Z,speed_003,1.813084818474243
2024-07-15T11:47:42.375Z,speed_003,1.7986320642304934
2024-07-15T11:47:47.379Z,speed_003,1.8190626787010475
2024-07-15T11:47:52.383Z,speed_003,1.8031708948158411
2024-07-15T11:47:57.384Z,speed_003,1.7582920938953395
2024-07-15T11:48:02.387Z,speed_003,1.8161627592552103
2024-07-15T11:48:07.391Z,speed_003,1.8184136573189198
2024-07-15T11:48:12.397Z,speed_003,1.8048767372629753
2024-07-15T11:48:17.399Z,speed_003,1.7942163284152257
2024-07-15T11:48:22.403Z,speed_003,1.7955250743935731
2024-07-15T11:48:27.404Z,speed_003,1.8332228411638767
2024-07-15T11:48:32.407Z,speed_003,1.7638420184953767
2024-07-15T11:48:37.411Z,speed_003,1.7995055472578783
2024-07-15T11:48:42.415Z,speed_003,1.7509348652072125
2024-07-15T11:48:47.421Z,speed_003,1.8400024717378713
2024-07-15T11:48:52.423Z,speed_003,1.796193323001611
2024-07-15T11:48:57.424Z,speed_003,1.8064546721671582
2024-07-15T11:49:02.427Z,speed_003,1.7821278245693195
2024-07-15T11:49:07.431Z,speed_003,1.7913743783867186
2024-07-15T11:49:12.435Z,speed_003,1.848251037521145
2024-07-15T11:49:17.439Z,speed_003,1.8397090437018444
2024-07-15T11:49:22.443Z,speed_003,1.8039929856170291
2024-07-15T11:49:27.444Z,speed_003,1.7960881765893335
2024-07-15T11:49:32.447Z,speed_003,1.8103176295855978
2024-07-15T11:49:37.453Z,speed_003,1.8349228548352055
2024-07-15T11:49:42.455Z,speed_003,1.7718110457642866
2024-07-15T11:49:47.461Z,speed_003,1.8107568739391113
2024-07-15T11:49:52.465Z,speed_003,1.7613875772353869
2024-07-15T11:49:57.466Z,speed_003,1.800009411086516
2024-07-15T11:50:02.471Z,speed_003,1.8203227635586372
2024-07-15T11:50:07.477Z,speed_003,1.7929436996397166
2024-07-15T11:50:12.479Z,speed_003,1.8041589811522207
2024-07-15T11:50:17.483Z,speed_003,1.8064158558953645
2024-07-15T11:50:22.487Z,speed_003,1.7972428909852662
2024-07-15T11:50:27.488Z,speed_003,1.7868030438845703
2024-07-15T11:50:32.493Z,speed_003,1.8107729584318848
2024-07-15T11:50:37.495Z,speed_003,1.7636402412740053
2024-07-15T11:50:42.499Z,speed_003,1.786339175003432
2024-07-15T11:50:47.503Z,speed_003,1.8108566054031234
2024-07-15T11:50:52.507Z,speed_003,1.838940974418217
2024-07-15T11:50:57.508Z,speed_003,1.7864944852759144
2024-07-15T11:51:02.511Z,speed_003,1.789388607077656
2024-07-15T11:51:07.515Z,speed_003,1.8046017476446798
2024-07-15T11:51:12.521Z,speed_003,1.8403237327216446
2024-07-15T11:51:17.523Z,speed_003,1.8050173382180745
2024-07-15T11:51:22.527Z,speed_003,1.7761321787736615
2024-07-15T11:51:27.528Z,speed_003,1.7553250840364745
2024-07-15T11:51:32.531Z,speed_003,1.7513577100963948
2024-07-15T11:51:37.535Z,speed_003,1.7637271402706827
timestamp,sensor_id,speed
2024-07-15T11:51:42.539Z,speed_003,1.8044208365528918
2024-07-15T11:51:47.543Z,speed_003,1.8018215005876266
2024-07-15T11:51:52.547Z,speed_003,1.8240291517843041
2024-07-15T11:51:57.548Z,speed_003,1.828875758491645
2024-07-15T11:52:02.551Z,speed_003,1.8378526597888742
2024-07-15T11:52:07.555Z,speed_003,1.8404178099080197
2024-07-15T11:52:12.559Z,speed_003,1.7607637381489705
2024-07-15T11:52:17.563Z,speed_003,1.8312795662441936
2024-07-15T11:52:22.567Z,speed_003,1.7848862786808364
2024-07-15T11:52:27.568Z,speed_003,1.755886938296321
timestamp,sensor_id,speed
2024-07-15T11:52:32.571Z,speed_003,1.7883821500495631
2024-07-15T11:52:37.575Z,speed_003,1.7821733293620956
2024-07-15T11:52:42.579Z,speed_003,1.7537701892074065
2024-07-15T11:52:47.583Z,speed_003,1.8413991110152892
2024-07-15T11:52:52.587Z,speed_003,1.8424533094144404
2024-07-15T11:52:57.588Z,speed_003,1.7546455172743967
2024-07-15T11:53:02.591Z,speed_003,1.7668020119323267
2024-07-15T11:53:07.595Z,speed_003,1.837992920748719
2024-07-15T11:53:12.599Z,speed_003,1.819308297641468
2024-07-15T11:53:17.603Z,speed_003,1.7760663148380478
2024-07-15T11:53:22.607Z,speed_003,1.768728537696035
2024-07-15T11:53:27.608Z,speed_003,1.8082619213863032
2024-07-15T11:53:32.611Z,speed_003,1.8177861772884687
2024-07-15T11:53:37.615Z,speed_003,1.7600086671312236
2024-07-15T11:53:42.620Z,speed_003,1.836812995317891
2024-07-15T11:53:47.625Z,speed_003,1.838831288489213
2024-07-15T11:53:52.629Z,speed_003,1.7990275271076472
2024-07-15T11:53:57.629Z,speed_003,1.7550326450770943
2024-07-15T11:54:02.631Z,speed_003,1.7619626874221093
2024-07-15T11:54:07.635Z,speed_003,1.7807922209967746
2024-07-15T11:54:12.639Z,speed_003,1.8212274704049811
2024-07-15T11:54:17.643Z,speed_003,1.817128994431323
2024-07-15T11:54:22.647Z,speed_003,1.8131051738311892
2024-07-15T11:54:27.648Z,speed_003,1.7721094346344184
2024-07-15T11:54:32.651Z,speed_003,1.8393656402081793
2024-07-15T11:54:37.657Z,speed_003,1.8059729063741057
2024-07-15T11:54:42.659Z,speed_003,1.7541872600931956
2024-07-15T11:54:47.663Z,speed_003,1.8020466078257344
2024-07-15T11:54:52.667Z,speed_003,1.7731948064372438
2024-07-15T11:54:57.668Z,speed_003,1.793396086708863
2024-07-15T11:55:02.671Z,speed_003,1.8089397125451492
2024-07-15T11:55:07.675Z,speed_003,1.764986281274236
2024-07-15T11:55:12.679Z,speed_003,1.785904285116176
2024-07-15T11:55:17.683Z,speed_003,1.8401267843151574
2024-07-15T11:55:22.687Z,speed_003,1.7661284551948766
2024-07-15T11:55:27.688Z,speed_003,1.835633201359414
2024-07-15T11:55:32.691Z,speed_003,1.8011534182619406
timestamp,sensor_id,speed
2024-07-15T11:55:37.696Z,speed_003,1.7597988106882134
2024-07-15T11:55:42.699Z,speed_003,1.7649950305527258
2024-07-15T11:55:47.703Z,speed_003,1.7681776369798679
2024-07-15T11:55:52.707Z,speed_003,1.7741024982119011
2024-07-15T11:55:57.709Z,speed_003,1.78724920636284
2024-07-15T11:56:02.711Z,speed_003,1.8305108980284397
2024-07-15T11:56:07.715Z,speed_003,1.7672435693123283
2024-07-15T11:56:12.719Z,speed_003,1.7537374447699763
2024-07-15T11:56:17.723Z,speed_003,1.8252098816311588
2024-07-15T11:56:22.727Z,speed_003,1.8350460732811091
2024-07-15T11:56:27.728Z,speed_003,1.776365058787225
2024-07-15T11:56:32.733Z,speed_003,1.8099508175523282
2024-07-15T11:56:37.737Z,speed_003,1.8086792446013944
2024-07-15T11:56:42.743Z,speed_003,1.7635629259229055
2024-07-15T11:56:47.747Z,speed_003,1.8355379026736807
2024-07-15T11:56:52.751Z,speed_003,1.7863785669630547
2024-07-15T11:56:57.753Z,speed_003,1.8196722708005921
timestamp,sensor_id,speed
2024-07-15T11:57:02.755Z,speed_003,1.7989664833549972
2024-07-15T11:57:07.759Z,speed_003,1.7999895051270351
2024-07-15T11:57:12.765Z,speed_003,1.811353659471263
2024-07-15T11:57:17.771Z,speed_003,1.7887924481014925
2024-07-15T11:57:22.776Z,speed_003,1.7615076454775962
2024-07-15T11:57:27.776Z,speed_003,1.7804121962371091
2024-07-15T11:57:32.781Z,speed_003,1.7739503830633816
2024-07-15T11:57:37.786Z,speed_003,1.8129173040050406
2024-07-15T11:57:42.791Z,speed_003,1.8363375121893097
2024-07-15T11:57:47.795Z,speed_003,1.8436666849259191
2024-07-15T11:57:52.801Z,speed_003,1.8022695525520034
2024-07-15T11:57:57.802Z,speed_003,1.8422034215547893
2024-07-15T11:58:02.803Z,speed_003,1.7760488309479716
2024-07-15T11:58:07.809Z,speed_003,1.7834239076102387
2024-07-15T11:58:12.811Z,speed_003,1.7524802131345358
2024-07-15T11:58:17.816Z,speed_003,1.8114396136569517
2024-07-15T11:58:22.819Z,speed_003,1.7934758646654676
2024-07-15T11:58:27.821Z,speed_003,1.8457880324642995
2024-07-15T11:58:32.826Z,speed_003,1.8476184938656202
2024-07-15T11:58:37.827Z,speed_003,1.833663474310446
2024-07-15T11:58:42.831Z,speed_003,1.814234990289704
2024-07-15T11:58:47.837Z,speed_003,1.784184417193883
2024-07-15T11:58:52.839Z,speed_003,1.8047706125244387
2024-07-15T11:58:57.840Z,speed_003,1.769110068154433
2024-07-15T11:59:02.845Z,speed_003,1.7971486608704568
2024-07-15T11:59:07.847Z,speed_003,1.8270667295251048
2024-07-15T11:59:12.853Z,speed_003,1.796817928967332
2024-07-15T11:59:17.855Z,speed_003,1.8209686299938614
2024-07-15T11:59:22.859Z,speed_003,1.8031859050582701
2024-07-15T11:59:27.860Z,speed_003,1.793126653908181
2024-07-15T11:59:32.863Z,speed_003,1.8193981733766478
2024-07-15T11:59:37.867Z,speed_003,1.842410475117033
2024-07-15T11:59:42.869Z,speed_003,1.8313162132217389
2024-07-15T11:59:47.875Z,speed_003,1.8304290975719653
2024-07-15T11:59:52.879Z,speed_003,1.792684603678264
2024-07-15T11:59:57.880Z,speed_003,1.7733637623649279
2024-07-15T12:00:02.886Z,speed_003,1.7739290879705332
2024-07-15T12:00:07.887Z,speed_003,1.7867591850586384
2024-07-15T12:00:12.891Z,speed_003,1.8378927000188914
2024-07-15T12:00:17.895Z,speed_003,1.762738641654637
2024-07-15T12:00:22.901Z,speed_003,1.828771469926292
2024-07-15T12:00:27.902Z,speed_003,1.833817195519792
2024-07-15T12:00:32.903Z,speed_003,1.8486522153788598
2024-07-15T12:00:37.907Z,speed_003,1.8268074034677217
2024-07-15T12:00:42.911Z,speed_003,1.8138166514641163
2024-07-15T12:00:47.915Z,speed_003,1.8267481583634453
2024-07-15T12:00:52.919Z,speed_003,1.8407798687918073
2024-07-15T12:00:57.921Z,speed_003,1.7500083813411549
2024-07-15T12:01:02.923Z,speed_003,1.802913433202624
2024-07-15T12:01:07.927Z,speed_003,1.7777856315849103
2024-07-15T12:01:12.931Z,speed_003,1.7825949338926188
2024-07-15T12:01:17.935Z,speed_003,1.7786804818308548
timestamp,sensor_id,speed
2024-07-15T12:01:22.940Z,speed_003,1.7585143108938357
2024-07-15T12:01:27.940Z,speed_003,1.7948875991016398
2024-07-15T12:01:32.945Z,speed_003,1.8293505583720706
2024-07-15T12:01:37.947Z,speed_003,1.8266189717522785
2024-07-15T12:01:42.951Z,speed_003,1.81846697610274
2024-07-15T12:01:47.955Z,speed_003,1.767677787839535
2024-07-15T12:01:52.959Z,speed_003,1.7825866598194915
timestamp,sensor_id,speed
2024-07-15T12:01:57.961Z,speed_003,1.7597779901103432
2024-07-15T12:02:02.963Z,speed_003,1.8285660358269995
2024-07-15T12:02:07.967Z,speed_003,1.8350369115132326
2024-07-15T12:02:12.971Z,speed_003,1.7554675722927648
2024-07-15T12:02:17.975Z,speed_003,1.7612333006705896
2024-07-15T12:02:22.979Z,speed_003,1.7900739594071526
2024-07-15T12:02:27.980Z,speed_003,1.77300506823171
2024-07-15T12:02:32.986Z,speed_003,1.8239506514476835
timestamp,sensor_id,speed
2024-07-15T12:02:37.987Z,speed_003,1.770838777895411
2024-07-15T12:02:42.987Z,speed_003,1.7849879842820735
2024-07-15T12:02:47.991Z,speed_003,1.7610415262156391
2024-07-15T12:02:52.997Z,speed_003,1.8135641249651673
2024-07-15T12:02:57.998Z,speed_003,1.7885597556768351
2024-07-15T12:03:03.003Z,speed_003,1.7865728122265043
2024-07-15T12:03:08.008Z,speed_003,1.8020023453016718
2024-07-15T12:03:13.012Z,speed_003,1.756269494253179
2024-07-15T12:03:18.017Z,speed_003,1.830789054858752
2024-07-15T12:03:23.022Z,speed_003,1.7937609365372909
2024-07-15T12:03:28.024Z,speed_003,1.8192524718320975
2024-07-15T12:03:33.027Z,speed_003,1.7907218706038208
2024-07-15T12:03:38.031Z,speed_003,1.803167343525728
2024-07-15T12:03:43.035Z,speed_003,1.752756611664759
2024-07-15T12:03:48.039Z,speed_003,1.8499970019831422
2024-07-15T12:03:53.043Z,speed_003,1.7561616600881755
2024-07-15T12:03:58.045Z,speed_003,1.8460303136872385
2024-07-15T12:04:03.047Z,speed_003,1.7984905445243435
2024-07-15T12:04:08.048Z,speed_003,1.7814324079359427
2024-07-15T12:04:13.054Z,speed_003,1.8254812927855402
2024-07-15T12:04:18.055Z,speed_003,1.7813310466637484
2024-07-15T12:04:23.059Z,speed_003,1.8110410370196066
2024-07-15T12:04:28.060Z,speed_003,1.8017847307368058
2024-07-15T12:04:33.063Z,speed_003,1.818701616064395
2024-07-15T12:04:38.067Z,speed_003,1.8356046237141201
2024-07-15T12:04:43.071Z,speed_003,1.782047393590412
2024-07-15T12:04:48.077Z,speed_003,1.8202305077790677
2024-07-15T12:04:53.079Z,speed_003,1.7719018894426726
2024-07-15T12:04:58.081Z,speed_003,1.841279898658389
2024-07-15T12:05:03.083Z,speed_003,1.8473317392205233
2024-07-15T12:05:08.087Z,speed_003,1.7937956529206083
2024-07-15T12:05:13.091Z,speed_003,1.7999618660426981
2024-07-15T12:05:18.095Z,speed_003,1.8206416214121366
2024-07-15T12:05:23.099Z,speed_003,1.8332474651763628
2024-07-15T12:05:28.100Z,speed_003,1.7936813236668168
2024-07-15T12:05:33.103Z,speed_003,1.81549755095649
2024-07-15T12:05:38.107Z,speed_003,1.7790093097134123
2024-07-15T12:05:43.111Z,speed_003,1.8269116485650907
2024-07-15T12:05:48.117Z,speed_003,1.7574011502272078
2024-07-15T12:05:53.119Z,speed_003,1.804939843179627
2024-07-15T12:05:58.121Z,speed_003,1.8156062777957356
2024-07-15T12:06:03.126Z,speed_003,1.7566351918864322
2024-07-15T12:06:08.129Z,speed_003,1.819182542923623
2024-07-15T12:06:13.131Z,speed_003,1.7940976391649957
2024-07-15T12:06:18.135Z,speed_003,1.801308613417062
2024-07-15T12:06:23.139Z,speed_003,1.7584217753617906
2024-07-15T12:06:28.140Z,speed_003,1.817717148338153
2024-07-15T12:06:33.143Z,speed_003,1.8134223520961454
2024-07-15T12:06:38.147Z,speed_003,1.7646347468747592
2024-07-15T12:06:43.151Z,speed_003,1.7964682280466082
2024-07-15T12:06:48.155Z,speed_003,1.8097788490175073
2024-07-15T12:06:53.159Z,speed_003,1.8227727561532983
2024-07-15T12:06:58.160Z,speed_003,1.8464128932596782
2024-07-15T12:07:03.165Z,speed_003,1.754314932656956
2024-07-15T12:07:08.168Z,speed_003,1.8409721182618375
2024-07-15T12:07:13.171Z,speed_003,1.7623261058061692
2024-07-15T12:07:18.175Z,speed_003,1.7599639737189976
2024-07-15T12:07:23.179Z,speed_003,1.8237089363970513
2024-07-15T12:07:28.180Z,speed_003,1.75321056128328
2024-07-15T12:07:33.183Z,speed_003,1.82070459626752
2024-07-15T12:07:38.188Z,speed_003,1.830970716020011
2024-07-15T12:07:43.191Z,speed_003,1.7550725998021544
2024-07-15T12:07:48.195Z,speed_003,1.797807243310493
2024-07-15T12:07:53.202Z,speed_003,1.766383778017653
2024-07-15T12:07:58.203Z,speed_003,1.7780996508969436
2024-07-15T12:08:03.207Z,speed_003,1.7584303693346053
2024-07-15T12:08:08.212Z,speed_003,1.7792167550023725
2024-07-15T12:08:13.215Z,speed_003,1.8476741326163673
2024-07-15T12:08:18.219Z,speed_003,1.8314654996715662
2024-07-15T12:08:23.223Z,speed_003,1.8270284250944409
2024-07-15T12:08:28.224Z,speed_003,1.7833097386179801
2024-07-15T12:08:33.229Z,speed_003,1.8389493123858545
2024-07-15T12:08:38.231Z,speed_003,1.822612516249738
2024-07-15T12:08:43.235Z,speed_003,1.842297232416048
2024-07-15T12:08:48.239Z,speed_003,1.7736349774015265
2024-07-15T12:08:53.243Z,speed_003,1.7931848330295446
2024-07-15T12:08:58.245Z,speed_003,1.7678334539257035
2024-07-15T12:09:03.247Z,speed_003,1.8244427151134452
2024-07-15T12:09:08.251Z,speed_003,1.8117253290268232
2024-07-15T12:09:13.257Z,speed_003,1.848377598367576
2024-07-15T12:09:18.259Z,speed_003,1.801334926736364
2024-07-15T12:09:23.263Z,speed_003,1.7654571785200623
2024-07-15T12:09:28.264Z,speed_003,1.766102179072174
2024-07-15T12:09:33.267Z,speed_003,1.8119570481091547
2024-07-15T12:09:38.271Z,speed_003,1.8094699270035135
2024-07-15T12:09:43.276Z,speed_003,1.773567210858218
2024-07-15T12:09:48.279Z,speed_003,1.758354974862967
2024-07-15T12:09:53.283Z,speed_003,1.8068027023767526
2024-07-15T12:09:58.285Z,speed_003,1.8349762299454693
2024-07-15T12:10:03.289Z,speed_003,1.7991907460608045
2024-07-15T12:10:08.291Z,speed_003,1.7883867455116154
2024-07-15T12:10:13.295Z,speed_003,1.7944224218823435
2024-07-15T12:10:18.299Z,speed_003,1.8365721627631373
2024-07-15T12:10:23.303Z,speed_003,1.7524734103025177
2024-07-15T12:10:28.305Z,speed_003,1.8360485096346768
2024-07-15T12:10:33.307Z,speed_003,1.7583148647360136
2024-07-15T12:10:38.311Z,speed_003,1.8454493089143054
2024-07-15T12:10:43.316Z,speed_003,1.777282407886362
2024-07-15T12:10:48.319Z,speed_003,1.8387376558230129
2024-07-15T12:10:53.325Z,speed_003,1.827565644393907
2024-07-15T12:10:58.326Z,speed_003,1.839950240211227
2024-07-15T12:11:03.331Z,speed_003,1.8164135771259091
2024-07-15T12:11:08.335Z,speed_003,1.8002207663613214
2024-07-15T12:11:13.339Z,speed_003,1.8188037972517297
2024-07-15T12:11:18.344Z,speed_003,1.8427265967359767
2024-07-15T12:11:23.347Z,speed_003,1.820942753471959
2024-07-15T12:11:28.348Z,speed_003,1.7713112129402504
2024-07-15T12:11:33.351Z,speed_003,1.7736980864528795
2024-07-15T12:11:38.356Z,speed_003,1.7706051741256439
2024-07-15T12:11:43.359Z,speed_003,1.8461761225122373
2024-07-15T12:11:48.363Z,speed_003,1.7547108142310304
2024-07-15T12:11:53.367Z,speed_003,1.7573509115492887
2024-07-15T12:11:58.369Z,speed_003,1.7711573205565294
2024-07-15T12:12:03.371Z,speed_003,1.7522833938801385
2024-07-15T12:12:08.375Z,speed_003,1.8393162235668368
2024-07-15T12:12:13.379Z,speed_003,1.7760544988415945
2024-07-15T12:12:18.383Z,speed_003,1.8094268738317465
2024-07-15T12:12:23.387Z,speed_003,1.7585296327284088
2024-07-15T12:12:28.389Z,speed_003,1.7798990422449585
2024-07-15T12:12:33.391Z,speed_003,1.7811461481015396
2024-07-15T12:12:38.396Z,speed_003,1.7855058228301381
2024-07-15T12:12:43.399Z,speed_003,1.7859813856113211
2024-07-15T12:12:48.403Z,speed_003,1.7619784223122592
2024-07-15T12:12:53.407Z,speed_003,1.7711676361491495
2024-07-15T12:12:58.409Z,speed_003,1.7824044880977512
2024-07-15T12:13:03.411Z,speed_003,1.8211744020050813
2024-07-15T12:13:08.417Z,speed_003,1.8349121170741456
2024-07-15T12:13:13.419Z,speed_003,1.81033991016658
2024-07-15T12:13:18.423Z,speed_003,1.7768726229601564
2024-07-15T12:13:23.427Z,speed_003,1.7662801537489594
2024-07-15T12:13:28.428Z,speed_003,1.7967881387747986
2024-07-15T12:13:33.431Z,speed_003,1.8418138310931935
2024-07-15T12:13:38.435Z,speed_003,1.8288375033344717
2024-07-15T12:13:43.439Z,speed_003,1.7691432218977357
2024-07-15T12:13:48.443Z,speed_003,1.845940909278105
timestamp,sensor_id,speed
2024-07-15T12:13:53.447Z,speed_003,1.7722296370894939
2024-07-15T12:13:58.448Z,speed_003,1.7979551135214986
2024-07-15T12:14:03.451Z,speed_003,1.76042667732667
2024-07-15T12:14:08.455Z,speed_003,1.777493749445841
2024-07-15T12:14:13.460Z,speed_003,1.7626299332442168
timestamp,sensor_id,speed
2024-07-15T12:14:18.463Z,speed_003,1.8038687348376348
2024-07-15T12:14:23.467Z,speed_003,1.7653049734746777
2024-07-15T12:14:28.468Z,speed_003,1.8054462600806436
2024-07-15T12:14:33.471Z,speed_003,1.8342231144290817
2024-07-15T12:14:38.475Z,speed_003,1.8179274400723124
2024-07-15T12:14:43.480Z,speed_003,1.8371861073171358
2024-07-15T12:14:48.483Z,speed_003,1.7715392552019285
2024-07-15T12:14:53.487Z,speed_003,1.8098079314920525
2024-07-15T12:14:58.489Z,speed_003,1.789129019254778
2024-07-15T12:15:03.494Z,speed_003,1.8407722248509146
2024-07-15T12:15:08.499Z,speed_003,1.8422814196228192
2024-07-15T12:15:13.503Z,speed_003,1.8407016892425396
2024-07-15T12:15:18.507Z,speed_003,1.8418097852643578
2024-07-15T12:15:23.512Z,speed_003,1.8044844918950456
2024-07-15T12:15:28.514Z,speed_003,1.8078186191729007
2024-07-15T12:15:33.519Z,speed_003,1.8360755364455874
2024-07-15T12:15:38.523Z,speed_003,1.840938223279993
2024-07-15T12:15:43.527Z,speed_003,1.8496654354523892
2024-07-15T12:15:48.533Z,speed_003,1.8063021695140669
2024-07-15T12:15:53.535Z,speed_003,1.826682560063122
2024-07-15T12:15:58.537Z,speed_003,1.8219332540712376
2024-07-15T12:16:03.540Z,speed_003,1.8486716358569106
2024-07-15T12:16:08.543Z,speed_003,1.782091443981817
2024-07-15T12:16:13.547Z,speed_003,1.8032586032519742
2024-07-15T12:16:18.551Z,speed_003,1.814967428475797
2024-07-15T12:16:23.555Z,speed_003,1.843875923702264
2024-07-15T12:16:28.556Z,speed_003,1.8035544687468137
2024-07-15T12:16:33.561Z,speed_003,1.7697313203462877
2024-07-15T12:16:38.563Z,speed_003,1.843695383419506
2024-07-15T12:16:43.567Z,speed_003,1.765444261353311
2024-07-15T12:16:48.571Z,speed_003,1.7896017877080392
2024-07-15T12:16:53.575Z,speed_003,1.7967066340915046
2024-07-15T12:16:58.577Z,speed_003,1.8270036577860869
2024-07-15T12:17:03.579Z,speed_003,1.8457178449413227
2024-07-15T12:17:08.583Z,speed_003,1.806978674125487
2024-07-15T12:17:13.587Z,speed_003,1.8453174451303
2024-07-15T12:17:18.591Z,speed_003,1.765817030766528
2024-07-15T12:17:23.595Z,speed_003,1.8042550214269866
2024-07-15T12:17:28.596Z,speed_003,1.8315152308182212
2024-07-15T12:17:33.599Z,speed_003,1.765585074475469
2024-07-15T12:17:38.603Z,speed_003,1.7673642750271268
2024-07-15T12:17:43.607Z,speed_003,1.8049283389495674
2024-07-15T12:17:48.613Z,speed_003,1.8022240139555237
2024-07-15T12:17:53.615Z,speed_003,1.8378118443637221
2024-07-15T12:17:58.617Z,speed_003,1.814148130040945
2024-07-15T12:18:03.619Z,speed_003,1.7896083250376227
2024-07-15T12:18:08.623Z,speed_003,1.7705239089057452
2024-07-15T12:18:13.627Z,speed_003,1.8351788068443202
2024-07-15T12:18:18.631Z,speed_003,1.769321390364288
2024-07-15T12:18:23.635Z,speed_003,1.8148219733243633
2024-07-15T12:18:28.637Z,speed_003,1.7774998831683981
timestamp,sensor_id,speed
2024-07-15T12:18:33.639Z,speed_003,1.8044859007849279
2024-07-15T12:18:38.645Z,speed_003,1.8139508536566025
2024-07-15T12:18:43.647Z,speed_003,1.7742496309175315
2024-07-15T12:18:48.651Z,speed_003,1.7744534360517676
2024-07-15T12:18:53.655Z,speed_003,1.7583946386538472
2024-07-15T12:18:58.657Z,speed_003,1.8227890949481789
2024-07-15T12:19:03.659Z,speed_003,1.8401724975315024
2024-07-15T12:19:08.663Z,speed_003,1.7623853857041958
2024-07-15T12:19:13.667Z,speed_003,1.753874763738719
2024-07-15T12:19:18.671Z,speed_003,1.810992766781144
2024-07-15T12:19:23.675Z,speed_003,1.8374731615879039
2024-07-15T12:19:28.677Z,speed_003,1.787545447435316
2024-07-15T12:19:33.682Z,speed_003,1.8148441275165665
2024-07-15T12:19:38.687Z,speed_003,1.8013000187416452
2024-07-15T12:19:43.691Z,speed_003,1.8012928541967494
2024-07-15T12:19:48.695Z,speed_003,1.846676787675746
2024-07-15T12:19:53.699Z,speed_003,1.8344049114339425
timestamp,sensor_id,speed
2024-07-15T12:19:58.701Z,speed_003,1.799052582616965
2024-07-15T12:20:03.703Z,speed_003,1.7959044839721874
2024-07-15T12:20:08.707Z,speed_003,1.823235228326012
2024-07-15T12:20:13.712Z,speed_003,1.8061662688242448
2024-07-15T12:20:18.717Z,speed_003,1.7894449276246187
2024-07-15T12:20:23.721Z,speed_003,1.8479189836480947
2024-07-15T12:20:28.722Z,speed_003,1.8197137121089075
2024-07-15T12:20:33.726Z,speed_003,1.796144134486754
2024-07-15T12:20:38.731Z,speed_003,1.760715455844089
2024-07-15T12:20:43.735Z,speed_003,1.8184866031722497
2024-07-15T12:20:48.739Z,speed_003,1.7928273997679847
2024-07-15T12:20:53.743Z,speed_003,1.7579973929440267
2024-07-15T12:20:58.745Z,speed_003,1.8274559066618221
2024-07-15T12:21:03.750Z,speed_003,1.838058920321697
2024-07-15T12:21:08.755Z,speed_003,1.758785819964229
2024-07-15T12:21:13.760Z,speed_003,1.846317054926233
2024-07-15T12:21:18.765Z,speed_003,1.757480960150158
2024-07-15T12:21:23.770Z,speed_003,1.8095038593231987
2024-07-15T12:21:28.771Z,speed_003,1.7506178565175226
2024-07-15T12:21:33.775Z,speed_003,1.8317454973112326
2024-07-15T12:21:38.779Z,speed_003,1.7683930822277558
2024-07-15T12:21:43.785Z,speed_003,1.8309506960200121
2024-07-15T12:21:48.787Z,speed_003,1.7785361459097517
2024-07-15T12:21:53.791Z,speed_003,1.7818472163602892
2024-07-15T12:21:58.793Z,speed_003,1.8250600827747296
2024-07-15T12:22:03.797Z,speed_003,1.8249586822574242
2024-07-15T12:22:08.803Z,speed_003,1.7815036389046184
2024-07-15T12:22:13.807Z,speed_003,1.785079081455701
2024-07-15T12:22:18.813Z,speed_003,1.8139114354775838
2024-07-15T12:22:23.815Z,speed_003,1.8087029624886009
2024-07-15T12:22:28.817Z,speed_003,1.7839178339676225
2024-07-15T12:22:33.821Z,speed_003,1.7532937199357777
2024-07-15T12:22:38.823Z,speed_003,1.784630977394745
2024-07-15T12:22:43.827Z,speed_003,1.7634831233924728
2024-07-15T12:22:48.833Z,speed_003,1.8277256384758862
2024-07-15T12:22:53.835Z,speed_003,1.7987028605465434
2024-07-15T12:22:58.837Z,speed_003,1.7544224296748294
2024-07-15T12:23:03.839Z,speed_003,1.7577085167183424
2024-07-15T12:23:08.843Z,speed_003,1.8281457567636437
2024-07-15T12:23:13.847Z,speed_003,1.7808359398648657
2024-07-15T12:23:18.851Z,speed_003,1.7967205626440763
2024-07-15T12:23:23.855Z,speed_003,1.7589479789755826
2024-07-15T12:23:28.857Z,speed_003,1.7979468169037864
2024-07-15T12:23:33.859Z,speed_003,1.8454213822023904
2024-07-15T12:23:38.863Z,speed_003,1.8105866961390569
2024-07-15T12:23:43.867Z,speed_003,1.8484191560302945
2024-07-15T12:23:48.871Z,speed_003,1.8478832994699377
2024-07-15T12:23:53.875Z,speed_003,1.7738281952678157
2024-07-15T12:23:58.877Z,speed_003,1.7919235035479357
2024-07-15T12:24:03.879Z,speed_003,1.786868221352155
2024-07-15T12:24:08.883Z,speed_003,1.7750009693232025
2024-07-15T12:24:13.889Z,speed_003,1.8366675207678145
2024-07-15T12:24:18.891Z,speed_003,1.8191263473061623
2024-07-15T12:24:23.895Z,speed_003,1.810129095143293
2024-07-15T12:24:28.897Z,speed_003,1.8350859024417367
2024-07-15T12:24:33.899Z,speed_003,1.8433782870866395
2024-07-15T12:24:38.903Z,speed_003,1.8166562017751082
2024-07-15T12:24:43.909Z,speed_003,1.7786307838695294
2024-07-15T12:24:48.911Z,speed_003,1.761999301865764
2024-07-15T12:24:53.915Z,speed_003,1.7739981493655055
2024-07-15T12:24:58.917Z,speed_003,1.8118690085756053
2024-07-15T12:25:03.919Z,speed_003,1.8488030583199464
2024-07-15T12:25:08.923Z,speed_003,1.8276862572588428
2024-07-15T12:25:13.927Z,speed_003,1.8011601693470987
2024-07-15T12:25:18.931Z,speed_003,1.845602653558345
2024-07-15T12:25:23.935Z,speed_003,1.8102355696531318
2024-07-15T12:25:28.937Z,speed_003,1.8356171261525072
2024-07-15T12:25:33.939Z,speed_003,1.7942911723053647
2024-07-15T12:25:38.943Z,speed_003,1.8465062774254066
2024-07-15T12:25:43.947Z,speed_003,1.844542170481485
2024-07-15T12:25:48.951Z,speed_003,1.776286424760892
2024-07-15T12:25:53.955Z,speed_003,1.81730454812807
2024-07-15T12:25:58.957Z,speed_003,1.8013129226715465
2024-07-15T12:26:03.959Z,speed_003,1.7952818545811793
2024-07-15T12:26:08.963Z,speed_003,1.8367075231961938
2024-07-15T12:26:13.967Z,speed_003,1.7813439970762825
2024-07-15T12:26:18.971Z,speed_003,1.839345441136097
2024-07-15T12:26:23.975Z,speed_003,1.7686554762005762
2024-07-15T12:26:28.977Z,speed_003,1.8264253106863944
2024-07-15T12:26:33.979Z,speed_003,1.845653733452624
2024-07-15T12:26:38.985Z,speed_003,1.7972078417939725
2024-07-15T12:26:43.987Z,speed_003,1.7665655557582742
2024-07-15T12:26:48.991Z,speed_003,1.7863622116930953
2024-07-15T12:26:53.995Z,speed_003,1.8352363901149644
2024-07-15T12:26:58.995Z,speed_003,1.8035874820140831
2024-07-15T12:27:03.999Z,speed_003,1.8327491683305412
2024-07-15T12:27:09.003Z,speed_003,1.7590215725792273
2024-07-15T12:27:14.007Z,speed_003,1.7806789390706355
2024-07-15T12:27:19.011Z,speed_003,1.7783852468602657
2024-07-15T12:27:24.015Z,speed_003,1.8451962878112809
2024-07-15T12:27:29.018Z,speed_003,1.757317716420328
2024-07-15T12:27:34.019Z,speed_003,1.7597751922214315
2024-07-15T12:27:39.025Z,speed_003,1.751908254279202
2024-07-15T12:27:44.027Z,speed_003,1.8387695215670414
2024-07-15T12:27:49.031Z,speed_003,1.8259366441549743
2024-07-15T12:27:54.035Z,speed_003,1.7993908285298748
2024-07-15T12:27:59.037Z,speed_003,1.7967403352344173
2024-07-15T12:28:04.039Z,speed_003,1.809369701052414
2024-07-15T12:28:09.043Z,speed_003,1.8016964950152987
2024-07-15T12:28:14.047Z,speed_003,1.8129749304240264
2024-07-15T12:28:19.051Z,speed_003,1.7567980396296021
2024-07-15T12:28:24.055Z,speed_003,1.8186323851439603
2024-07-15T12:28:29.057Z,speed_003,1.8093122990274115
2024-07-15T12:28:34.059Z,speed_003,1.8449743144340074
2024-07-15T12:28:39.063Z,speed_003,1.7699050232983762
2024-07-15T12:28:44.069Z,speed_003,1.7666757785833553
2024-07-15T12:28:49.071Z,speed_003,1.7562573671388075
2024-07-15T12:28:54.075Z,speed_003,1.779538322071012
2024-07-15T12:28:59.075Z,speed_003,1.7959010555650297
2024-07-15T12:29:04.079Z,speed_003,1.7751240286573338
2024-07-15T12:29:09.083Z,speed_003,1.8416089680839383
2024-07-15T12:29:14.087Z,speed_003,1.816956302901608
2024-07-15T12:29:19.091Z,speed_003,1.8099893714699764
2024-07-15T12:29:24.097Z,speed_003,1.8374295727784358
2024-07-15T12:29:29.099Z,speed_003,1.7912784337295768
2024-07-15T12:29:34.103Z,speed_003,1.8169614448413014
2024-07-15T12:29:39.108Z,speed_003,1.8193092275568505
2024-07-15T12:29:44.111Z,speed_003,1.7787705713030222
2024-07-15T12:29:49.116Z,speed_003,1.7985758072161466
2024-07-15T12:29:54.121Z,speed_003,1.8273818301136657
2024-07-15T12:29:59.123Z,speed_003,1.771175538980603
2024-07-15T12:30:04.127Z,speed_003,1.8099573135493887
2024-07-15T12:30:09.131Z,speed_003,1.7680425078189261
2024-07-15T12:30:14.135Z,speed_003,1.8473480891460585
timestamp,sensor_id,speed
2024-07-15T12:30:19.139Z,speed_003,1.765625609854293
2024-07-15T12:30:24.143Z,speed_003,1.796518636996609
2024-07-15T12:30:29.145Z,speed_003,1.8256286798833739
2024-07-15T12:30:34.147Z,speed_003,1.8215932592998452
2024-07-15T12:30:39.151Z,speed_003,1.7795573004612026
2024-07-15T12:30:44.155Z,speed_003,1.7592022854519471
2024-07-15T12:30:49.159Z,speed_003,1.7898347400150854
2024-07-15T12:30:54.163Z,speed_003,1.7751901838146822
2024-07-15T12:30:59.163Z,speed_003,1.8407897981837484
2024-07-15T12:31:04.169Z,speed_003,1.7634971337415362
2024-07-15T12:31:09.173Z,speed_003,1.8287018461189808
2024-07-15T12:31:14.175Z,speed_003,1.7596695172973758
2024-07-15T12:31:19.181Z,speed_003,1.8120604920985182
2024-07-15T12:31:24.183Z,speed_003,1.759096935564404
2024-07-15T12:31:29.185Z,speed_003,1.817366820368319
2024-07-15T12:31:34.187Z,speed_003,1.7503276613180005
2024-07-15T12:31:39.191Z,speed_003,1.828058062983707
2024-07-15T12:31:44.196Z,speed_003,1.773214289944829
2024-07-15T12:31:49.197Z,speed_003,1.8088937446181257
2024-07-15T12:31:54.199Z,speed_003,1.758436365220598
2024-07-15T12:31:59.201Z,speed_003,1.7751009834555522
2024-07-15T12:32:04.206Z,speed_003,1.8493546597425263
2024-07-15T12:32:09.207Z,speed_003,1.800934069813502
2024-07-15T12:32:14.211Z,speed_003,1.757374633794077
2024-07-15T12:32:19.215Z,speed_003,1.7689296025060566
2024-07-15T12:32:24.221Z,speed_003,1.7898119829654777
2024-07-15T12:32:29.222Z,speed_003,1.7568110833207502
2024-07-15T12:32:34.227Z,speed_003,1.7600329538354749
2024-07-15T12:32:39.231Z,speed_003,1.7939404524959988
2024-07-15T12:32:44.235Z,speed_003,1.825215192284065
2024-07-15T12:32:49.239Z,speed_003,1.8435676505197613
2024-07-15T12:32:54.243Z,speed_003,1.7628687429518815
2024-07-15T12:32:59.245Z,speed_003,1.7953461062462797
timestamp,sensor_id,speed
2024-07-15T12:33:04.249Z,speed_003,1.8327823188232895
2024-07-15T12:33:09.251Z,speed_003,1.801794837729108
2024-07-15T12:33:14.255Z,speed_003,1.7900668164606428
2024-07-15T12:33:19.259Z,speed_003,1.8065722325386901
2024-07-15T12:33:24.263Z,speed_003,1.846031182955778
2024-07-15T12:33:29.265Z,speed_003,1.823422659429368
2024-07-15T12:33:34.267Z,speed_003,1.8267746638656233
2024-07-15T12:33:39.271Z,speed_003,1.765129832628674
2024-07-15T12:33:44.275Z,speed_003,1.829874237979821
2024-07-15T12:33:49.279Z,speed_003,1.754029971262406
2024-07-15T12:33:54.283Z,speed_003,1.7556110237339428
2024-07-15T12:33:59.285Z,speed_003,1.8063997612829525
2024-07-15T12:34:04.287Z,speed_003,1.8090045122850344
2024-07-15T12:34:09.292Z,speed_003,1.7790503834293783
2024-07-15T12:34:14.295Z,speed_003,1.837451957726995
2024-07-15T12:34:19.299Z,speed_003,1.849957081374557
2024-07-15T12:34:24.303Z,speed_003,1.7573630106273046
2024-07-15T12:34:29.304Z,speed_003,1.7557754479808325
timestamp,sensor_id,speed
2024-07-15T12:34:34.307Z,speed_003,1.7781114398088558
2024-07-15T12:34:39.311Z,speed_003,1.7507823207673099
2024-07-15T12:34:44.315Z,speed_003,1.8447630276154339
2024-07-15T12:34:49.319Z,speed_003,1.8494863656427996
2024-07-15T12:34:54.323Z,speed_003,1.776898277362652
2024-07-15T12:34:59.326Z,speed_003,1.8179032964755826
2024-07-15T12:35:04.327Z,speed_003,1.8496297484748703
2024-07-15T12:35:09.331Z,speed_003,1.8482703550167596
2024-07-15T12:35:14.335Z,speed_003,1.8126381646374585
2024-07-15T12:35:19.339Z,speed_003,1.7786563891708143
timestamp,sensor_id,speed
2024-07-15T12:35:24.343Z,speed_003,1.8065128445464156
2024-07-15T12:35:29.346Z,speed_003,1.7865834516198167
2024-07-15T12:35:34.347Z,speed_003,1.7742349437539895
2024-07-15T12:35:39.351Z,speed_003,1.7993211558392659
2024-07-15T12:35:44.356Z,speed_003,1.839647163836874
timestamp,sensor_id,speed
2024-07-15T12:35:49.360Z,speed_003,1.815606759514657
2024-07-15T12:35:54.363Z,speed_003,1.836077744184313
2024-07-15T12:35:59.365Z,speed_003,1.7670870670477927
2024-07-15T12:36:04.367Z,speed_003,1.8471959524167152
timestamp,sensor_id,speed
2024-07-15T12:36:09.371Z,speed_003,1.7938890961123501
2024-07-15T12:36:14.375Z,speed_003,1.8034806364524087
2024-07-15T12:36:19.381Z,speed_003,1.839598850472215
2024-07-15T12:36:24.383Z,speed_003,1.8392798055782085
2024-07-15T12:36:29.385Z,speed_003,1.756297471334709
2024-07-15T12:36:34.391Z,speed_003,1.8079764090493868
2024-07-15T12:36:39.395Z,speed_003,1.7747237345579798
2024-07-15T12:36:44.399Z,speed_003,1.8283518763263176
2024-07-15T12:36:49.404Z,speed_003,1.7895568906190302
2024-07-15T12:36:54.409Z,speed_003,1.7872912110086732
2024-07-15T12:36:59.411Z,speed_003,1.7791696399344048
2024-07-15T12:37:04.415Z,speed_003,1.77423997674683
2024-07-15T12:37:09.420Z,speed_003,1.835228830999894
2024-07-15T12:37:14.423Z,speed_003,1.7524075234062078
2024-07-15T12:37:19.429Z,speed_003,1.770015590870635
2024-07-15T12:37:24.429Z,speed_003,1.8400507877778178
2024-07-15T12:37:29.431Z,speed_003,1.7951219339502915
2024-07-15T12:37:34.435Z,speed_003,1.8249781755309695
2024-07-15T12:37:39.441Z,speed_003,1.7684475795590233
2024-07-15T12:37:44.443Z,speed_003,1.82546938611638
timestamp,sensor_id,speed
2024-07-15T12:37:49.449Z,speed_003,1.8216519961644648
2024-07-15T12:37:54.451Z,speed_003,1.8198461673929576
2024-07-15T12:37:59.454Z,speed_003,1.7879526157442502
2024-07-15T12:38:04.459Z,speed_003,1.8318093917938143
2024-07-15T12:38:09.463Z,speed_003,1.834098449761524
2024-07-15T12:38:14.467Z,speed_003,1.7753735580431351
2024-07-15T12:38:19.473Z,speed_003,1.7911936401720738
2024-07-15T12:38:24.479Z,speed_003,1.8230526662439142
2024-07-15T12:38:29.482Z,speed_003,1.8275626825812097
2024-07-15T12:38:34.487Z,speed_003,1.7809506471758239
2024-07-15T12:38:39.491Z,speed_003,1.8396560386936622
2024-07-15T12:38:44.495Z,speed_003,1.849172738658186
2024-07-15T12:38:49.499Z,speed_003,1.8125901433616194
2024-07-15T12:38:54.501Z,speed_003,1.8089471803598025
2024-07-15T12:38:59.503Z,speed_003,1.7789141018636876
timestamp,sensor_id,speed
2024-07-15T12:39:04.507Z,speed_003,1.793985682375528
2024-07-15T12:39:09.511Z,speed_003,1.825113493372355
2024-07-15T12:39:14.517Z,speed_003,1.793855847465025
2024-07-15T12:39:19.519Z,speed_003,1.7549436040926645
2024-07-15T12:39:24.520Z,speed_003,1.8361884120987308
2024-07-15T12:39:29.522Z,speed_003,1.8154812335786434
2024-07-15T12:39:34.527Z,speed_003,1.811211114382136
2024-07-15T12:39:39.531Z,speed_003,1.7893223567527425
timestamp,sensor_id,speed
2024-07-15T12:39:44.535Z,speed_003,1.8276240638235604
2024-07-15T12:39:49.539Z,speed_003,1.808307196975145
2024-07-15T12:39:54.543Z,speed_003,1.7689978051171082
2024-07-15T12:39:59.546Z,speed_003,1.8086970108401546
2024-07-15T12:40:04.551Z,speed_003,1.8492215421873286
2024-07-15T12:40:09.556Z,speed_003,1.808372943787997
2024-07-15T12:40:14.561Z,speed_003,1.780658779476491
2024-07-15T12:40:19.563Z,speed_003,1.7504443671698582
2024-07-15T12:40:24.567Z,speed_003,1.752176335757767
2024-07-15T12:40:29.570Z,speed_003,1.7862991149992515
2024-07-15T12:40:34.575Z,speed_003,1.8131326740359879
2024-07-15T12:40:39.576Z,speed_003,1.8391650207739207
2024-07-15T12:40:44.582Z,speed_003,1.8462353869033972
2024-07-15T12:40:49.587Z,speed_003,1.811972115642092
2024-07-15T12:40:54.591Z,speed_003,1.8291967703824403
2024-07-15T12:40:59.594Z,speed_003,1.8062735427902294
2024-07-15T12:41:04.599Z,speed_003,1.7615359816020355
2024-07-15T12:41:09.604Z,speed_003,1.830998194039048
2024-07-15T12:41:14.607Z,speed_003,1.810609982724209
2024-07-15T12:41:19.611Z,speed_003,1.8225461814481074
2024-07-15T12:41:24.615Z,speed_003,1.7623119506970646
2024-07-15T12:41:29.618Z,speed_003,1.8378282625534583
2024-07-15T12:41:34.619Z,speed_003,1.8493487988590478
2024-07-15T12:41:39.623Z,speed_003,1.779211877463785
2024-07-15T12:41:44.629Z,speed_003,1.7782101803279342
2024-07-15T12:41:49.631Z,speed_003,1.7927969514537732
2024-07-15T12:41:54.637Z,speed_003,1.8017306232240209
2024-07-15T12:41:59.639Z,speed_003,1.7996218608765069
2024-07-15T12:42:04.644Z,speed_003,1.8491681509326454
2024-07-15T12:42:09.649Z,speed_003,1.8120599263551314
2024-07-15T12:42:14.654Z,speed_003,1.8188117253421512
2024-07-15T12:42:19.656Z,speed_003,1.8454949880011704
2024-07-15T12:42:24.661Z,speed_003,1.7583778564519896
2024-07-15T12:42:29.663Z,speed_003,1.8328768199520586
2024-07-15T12:42:34.667Z,speed_003,1.762428484161469
2024-07-15T12:42:39.673Z,speed_003,1.8166853020769569
2024-07-15T12:42:44.675Z,speed_003,1.7833742767504186
2024-07-15T12:42:49.679Z,speed_003,1.810528075121257
2024-07-15T12:42:54.684Z,speed_003,1.8371814165707294
2024-07-15T12:42:59.687Z,speed_003,1.7668824196543884
2024-07-15T12:43:04.693Z,speed_003,1.7604181534092072
2024-07-15T12:43:09.697Z,speed_003,1.8382597330388866
2024-07-15T12:43:14.699Z,speed_003,1.8446117475230592
2024-07-15T12:43:19.705Z,speed_003,1.7725978101927256
2024-07-15T12:43:24.711Z,speed_003,1.8439690151867913
2024-07-15T12:43:29.714Z,speed_003,1.807379316753078
2024-07-15T12:43:34.720Z,speed_003,1.8420234173591314
2024-07-15T12:43:39.723Z,speed_003,1.7872566883044851
2024-07-15T12:43:44.727Z,speed_003,1.837439399928709
2024-07-15T12:43:49.731Z,speed_003,1.8459870991477392
2024-07-15T12:43:54.737Z,speed_003,1.7932284259201865
2024-07-15T12:43:59.739Z,speed_003,1.755518633511939
2024-07-15T12:44:04.743Z,speed_003,1.8495571680222243
2024-07-15T12:44:09.749Z,speed_003,1.7811505980896605
2024-07-15T12:44:14.755Z,speed_003,1.8178615735152583
2024-07-15T12:44:19.759Z,speed_003,1.790041117446775
2024-07-15T12:44:24.765Z,speed_003,1.7537339119911073
2024-07-15T12:44:29.768Z,speed_003,1.8003517271337628
2024-07-15T12:44:34.773Z,speed_003,1.8456037884391525
2024-07-15T12:44:39.779Z,speed_003,1.8460693521098879
2024-07-15T12:44:44.785Z,speed_003,1.7648020036880152
2024-07-15T12:44:49.790Z,speed_003,1.779484244083359
2024-07-15T12:44:54.796Z,speed_003,1.8000830290737757
2024-07-15T12:44:59.798Z,speed_003,1.8275779209156933
2024-07-15T12:45:04.799Z,speed_003,1.835971703384264
2024-07-15T12:45:09.803Z,speed_003,1.7828878010356137
2024-07-15T12:45:14.807Z,speed_003,1.751931540477905
2024-07-15T12:45:19.812Z,speed_003,1.8122453378214725
2024-07-15T12:45:24.816Z,speed_003,1.8176724916307867
2024-07-15T12:45:29.817Z,speed_003,1.7613800444212069
2024-07-15T12:45:34.823Z,speed_003,1.841485438383124
2024-07-15T12:45:39.828Z,speed_003,1.8186120545035762
2024-07-15T12:45:44.831Z,speed_003,1.752068584583467
2024-07-15T12:45:49.836Z,speed_003,1.8062156596656957
2024-07-15T12:45:54.841Z,speed_003,1.7650889062275281
2024-07-15T12:45:59.844Z,speed_003,1.8449111250246304
2024-07-15T12:46:04.849Z,speed_003,1.836753637060286
2024-07-15T12:46:09.853Z,speed_003,1.7862875856082463
2024-07-15T12:46:14.855Z,speed_003,1.8107774626611979
2024-07-15T12:46:19.861Z,speed_003,1.7884414013030723
2024-07-15T12:46:24.863Z,speed_003,1.7659989998519798
2024-07-15T12:46:29.866Z,speed_003,1.7735168105299834
2024-07-15T12:46:34.867Z,speed_003,1.8179945030536744
2024-07-15T12:46:39.871Z,speed_003,1.8045156014605026
2024-07-15T12:46:44.877Z,speed_003,1.788844483300371
2024-07-15T12:46:49.882Z,speed_003,1.798657224054041
2024-07-15T12:46:54.885Z,speed_003,1.7795695845051271
2024-07-15T12:46:59.889Z,speed_003,1.8456167173760052
2024-07-15T12:47:04.892Z,speed_003,1.8382073162809973
2024-07-15T12:47:09.895Z,speed_003,1.7855771007149421
2024-07-15T12:47:14.900Z,speed_003,1.8221035593643944
2024-07-15T12:47:19.903Z,speed_003,1.7698062153848975
2024-07-15T12:47:24.907Z,speed_003,1.8201409035787168
2024-07-15T12:47:29.910Z,speed_003,1.7569642503132061
2024-07-15T12:47:34.915Z,speed_003,1.7929706915652173
2024-07-15T12:47:39.919Z,speed_003,1.767740671028254
2024-07-15T12:47:44.923Z,speed_003,1.8331658937041135
2024-07-15T12:47:49.927Z,speed_003,1.759581824279585
2024-07-15T12:47:54.931Z,speed_003,1.776824695706923
2024-07-15T12:47:59.934Z,speed_003,1.7978299880267017
2024-07-15T12:48:04.939Z,speed_003,1.796316564167861
2024-07-15T12:48:09.943Z,speed_003,1.829762304617316
2024-07-15T12:48:14.947Z,speed_003,1.7544842953240969
2024-07-15T12:48:19.951Z,speed_003,1.7539551192385812
2024-07-15T12:48:24.955Z,speed_003,1.7786275245778327
2024-07-15T12:48:29.959Z,speed_003,1.8494128727310228
2024-07-15T12:48:34.964Z,speed_003,1.7711171835790498
2024-07-15T12:48:39.967Z,speed_003,1.8303064807283982
2024-07-15T12:48:44.971Z,speed_003,1.8104535868199567
2024-07-15T12:48:49.975Z,speed_003,1.7763687159730681
2024-07-15T12:48:54.981Z,speed_003,1.8379271008587044
2024-07-15T12:48:59.983Z,speed_003,1.8180619002173746
2024-07-15T12:49:04.987Z,speed_003,1.763983229780702
2024-07-15T12:49:09.991Z,speed_003,1.8067080652537981
2024-07-15T12:49:14.995Z,speed_003,1.8079965744111526
2024-07-15T12:49:20.001Z,speed_003,1.7539692020859279
2024-07-15T12:49:25.006Z,speed_003,1.8212352041142994
2024-07-15T12:49:30.007Z,speed_003,1.7727775597797084
2024-07-15T12:49:35.013Z,speed_003,1.8159351725389536
2024-07-15T12:49:40.015Z,speed_003,1.8268112729599675
timestamp,sensor_id,speed
2024-07-15T12:49:45.019Z,speed_003,1.7830976126080718
2024-07-15T12:49:50.023Z,speed_003,1.771227406178131
2024-07-15T12:49:55.027Z,speed_003,1.824241527381592
2024-07-15T12:50:00.030Z,speed_003,1.7980443210067705
2024-07-15T12:50:05.035Z,speed_003,1.8311316909769926
2024-07-15T12:50:10.039Z,speed_003,1.7785239252821679
2024-07-15T12:50:15.043Z,speed_003,1.806373190241629
2024-07-15T12:50:20.047Z,speed_003,1.8398941206527617
2024-07-15T12:50:25.051Z,speed_003,1.765350114446848
2024-07-15T12:50:30.053Z,speed_003,1.783403686701512
2024-07-15T12:50:35.056Z,speed_003,1.8181326403156226
2024-07-15T12:50:40.059Z,speed_003,1.7979122863552013
2024-07-15T12:50:45.063Z,speed_003,1.772198901896931
2024-07-15T12:50:50.067Z,speed_003,1.814366734440469
timestamp,sensor_id,speed
2024-07-15T12:50:55.071Z,speed_003,1.8401401630225795
2024-07-15T12:51:00.073Z,speed_003,1.7678126680233743
2024-07-15T12:51:05.075Z,speed_003,1.75930709610764
2024-07-15T12:51:10.081Z,speed_003,1.7807517172360976
2024-07-15T12:51:15.083Z,speed_003,1.7831280035372254
2024-07-15T12:51:20.087Z,speed_003,1.8149706302547495
2024-07-15T12:51:25.091Z,speed_003,1.7570034263676941
2024-07-15T12:51:30.094Z,speed_003,1.7699534510216162
2024-07-15T12:51:35.099Z,speed_003,1.7516808901024796
2024-07-15T12:51:40.103Z,speed_003,1.7711851712960631
2024-07-15T12:51:45.107Z,speed_003,1.8478261441924446
2024-07-15T12:51:50.113Z,speed_003,1.7563789267809093
2024-07-15T12:51:55.115Z,speed_003,1.8327020232181959
2024-07-15T12:52:00.119Z,speed_003,1.7799677579369961
timestamp,sensor_id,speed
2024-07-15T12:52:05.123Z,speed_003,1.7690885734943844
2024-07-15T12:52:10.127Z,speed_003,1.829086550859021
2024-07-15T12:52:15.133Z,speed_003,1.796226997904133
2024-07-15T12:52:20.135Z,speed_003,1.8300705853843677
2024-07-15T12:52:25.141Z,speed_003,1.788512174255827
2024-07-15T12:52:30.144Z,speed_003,1.8368031688388917
timestamp,sensor_id,speed
2024-07-15T12:52:35.147Z,speed_003,1.7938701797548613
2024-07-15T12:52:40.151Z,speed_003,1.8497266096376237
2024-07-15T12:52:45.156Z,speed_003,1.8219343980317027
2024-07-15T12:52:50.159Z,speed_003,1.8485059024374593
2024-07-15T12:52:55.163Z,speed_003,1.7876516163725724
2024-07-15T12:53:00.166Z,speed_003,1.800159796266823
2024-07-15T12:53:05.171Z,speed_003,1.7774774421662471
2024-07-15T12:53:10.175Z,speed_003,1.8193838170536827
timestamp,sensor_id,speed
2024-07-15T12:53:15.179Z,speed_003,1.8274089152758164
2024-07-15T12:53:20.185Z,speed_003,1.8248810810278522
2024-07-15T12:53:25.187Z,speed_003,1.8491305817087762
2024-07-15T12:53:30.190Z,speed_003,1.7849599232605513
2024-07-15T12:53:35.195Z,speed_003,1.8228361755616496
2024-07-15T12:53:40.199Z,speed_003,1.7647169623247716
2024-07-15T12:53:45.205Z,speed_003,1.7898135154892418
2024-07-15T12:53:50.207Z,speed_003,1.7752721961099194
2024-07-15T12:53:55.211Z,speed_003,1.8255300115741762
2024-07-15T12:54:00.214Z,speed_003,1.7539547935181892
2024-07-15T12:54:05.217Z,speed_003,1.817351295418271
2024-07-15T12:54:10.218Z,speed_003,1.8057822878388863
2024-07-15T12:54:15.223Z,speed_003,1.7644125839186957
2024-07-15T12:54:20.227Z,speed_003,1.7661757941311402
2024-07-15T12:54:25.233Z,speed_003,1.8267522216268575
2024-07-15T12:54:30.237Z,speed_003,1.7721000640942959
2024-07-15T12:54:35.242Z,speed_003,1.7876989094108582
2024-07-15T12:54:40.247Z,speed_003,1.7694379342745097
2024-07-15T12:54:45.253Z,speed_003,1.7990196269524186
2024-07-15T12:54:50.255Z,speed_003,1.7507800986874427
timestamp,sensor_id,speed
2024-07-15T12:54:55.260Z,speed_003,1.802328082888332
2024-07-15T12:55:00.262Z,speed_003,1.772944476702353
2024-07-15T12:55:05.263Z,speed_003,1.7922117898319927
timestamp,sensor_id,speed
2024-07-15T12:55:10.267Z,speed_003,1.7711153715275683
2024-07-15T12:55:15.271Z,speed_003,1.8213200866875334
2024-07-15T12:55:20.275Z,speed_003,1.8347670007316808
2024-07-15T12:55:25.280Z,speed_003,1.796937709648192
2024-07-15T12:55:30.282Z,speed_003,1.7655097984772916
2024-07-15T12:55:35.288Z,speed_003,1.822589613695049
2024-07-15T12:55:40.293Z,speed_003,1.783169147077319
2024-07-15T12:55:45.295Z,speed_003,1.7596230203218302
2024-07-15T12:55:50.301Z,speed_003,1.8352256412674341
2024-07-15T12:55:55.306Z,speed_003,1.8188169461576782
2024-07-15T12:56:00.307Z,speed_003,1.8005289106319837
2024-07-15T12:56:05.311Z,speed_003,1.8121941063006475
2024-07-15T12:56:10.315Z,speed_003,1.7554717211539945
2024-07-15T12:56:15.319Z,speed_003,1.777224628062896
2024-07-15T12:56:20.325Z,speed_003,1.8439093481320403
2024-07-15T12:56:25.327Z,speed_003,1.7582194186286901
2024-07-15T12:56:30.331Z,speed_003,1.8161813431116989
2024-07-15T12:56:35.335Z,speed_003,1.812460430842229
2024-07-15T12:56:40.341Z,speed_003,1.8237398083832812
2024-07-15T12:56:45.347Z,speed_003,1.750703142955131
2024-07-15T12:56:50.351Z,speed_003,1.8273877413374953
2024-07-15T12:56:55.355Z,speed_003,1.759717091428732
2024-07-15T12:57:00.356Z,speed_003,1.7574110458653738
timestamp,sensor_id,speed
2024-07-15T12:57:05.361Z,speed_003,1.7635750768763627
2024-07-15T12:57:10.363Z,speed_003,1.8009915595539672
2024-07-15T12:57:15.369Z,speed_003,1.8307234131005319
2024-07-15T12:57:20.371Z,speed_003,1.81555994023718
2024-07-15T12:57:25.375Z,speed_003,1.827183468670708
2024-07-15T12:57:30.379Z,speed_003,1.7544929247966576
2024-07-15T12:57:35.383Z,speed_003,1.8025177124693665
2024-07-15T12:57:40.387Z,speed_003,1.7773560120925858
2024-07-15T12:57:45.391Z,speed_003,1.7823687266742898
2024-07-15T12:57:50.396Z,speed_003,1.8250472925382022
2024-07-15T12:57:55.399Z,speed_003,1.7804429175538241
2024-07-15T12:58:00.401Z,speed_003,1.8388916792465997
2024-07-15T12:58:05.403Z,speed_003,1.775787977819403
2024-07-15T12:58:10.407Z,speed_003,1.8160412166946636
2024-07-15T12:58:15.411Z,speed_003,1.7682155065117597
2024-07-15T12:58:20.416Z,speed_003,1.8396128174221473
2024-07-15T12:58:25.419Z,speed_003,1.822867353774176
2024-07-15T12:58:30.422Z,speed_003,1.8086642611354757
2024-07-15T12:58:35.423Z,speed_003,1.8304744446576977
2024-07-15T12:58:40.427Z,speed_003,1.8153515728067955
2024-07-15T12:58:45.431Z,speed_003,1.825801147822497
2024-07-15T12:58:50.435Z,speed_003,1.797786812891437
2024-07-15T12:58:55.440Z,speed_003,1.814353387326537
2024-07-15T12:59:00.442Z,speed_003,1.8211923147834426
2024-07-15T12:59:05.447Z,speed_003,1.7993198409230544
2024-07-15T12:59:10.451Z,speed_003,1.7974644777488649
2024-07-15T12:59:15.455Z,speed_003,1.802231197391346
2024-07-15T12:59:20.459Z,speed_003,1.7588519294767928
2024-07-15T12:59:25.463Z,speed_003,1.7755567394702378
2024-07-15T12:59:30.467Z,speed_003,1.7915109025780216
2024-07-15T12:59:35.472Z,speed_003,1.7964073707540265
2024-07-15T12:59:40.477Z,speed_003,1.8030994096444621
2024-07-15T12:59:45.479Z,speed_003,1.8421665513457344
2024-07-15T12:59:50.484Z,speed_003,1.7675177773463413
2024-07-15T12:59:55.487Z,speed_003,1.762076519085787
2024-07-15T13:00:00.491Z,speed_003,1.8042928878658828
2024-07-15T13:00:05.496Z,speed_003,1.8008172905530548
timestamp,sensor_id,speed
2024-07-15T13:00:10.499Z,speed_003,1.81774074258247
2024-07-15T13:00:15.503Z,speed_003,1.8481080931514675
2024-07-15T13:00:20.507Z,speed_003,1.7616518349070496
2024-07-15T13:00:25.512Z,speed_003,1.811480124622063
2024-07-15T13:00:30.514Z,speed_003,1.7690083058661565
2024-07-15T13:00:35.519Z,speed_003,1.7586879545427632
2024-07-15T13:00:40.523Z,speed_003,1.8139706835591387
2024-07-15T13:00:45.527Z,speed_003,1.8357704501815217
timestamp,sensor_id,speed
2024-07-15T13:00:50.531Z,speed_003,1.8092265823282259
2024-07-15T13:00:55.537Z,speed_003,1.8083166970198858
2024-07-15T13:01:00.539Z,speed_003,1.830713293878582
2024-07-15T13:01:05.543Z,speed_003,1.767142213463977
2024-07-15T13:01:10.549Z,speed_003,1.8132465081848825
2024-07-15T13:01:15.554Z,speed_003,1.8282545096167022
2024-07-15T13:01:20.556Z,speed_003,1.7502570471432117
2024-07-15T13:01:25.561Z,speed_003,1.8341829004333057
2024-07-15T13:01:30.563Z,speed_003,1.8008473757035812
2024-07-15T13:01:35.568Z,speed_003,1.750281193188749
2024-07-15T13:01:40.571Z,speed_003,1.797606020931253
2024-07-15T13:01:45.577Z,speed_003,1.758559216453146
2024-07-15T13:01:50.583Z,speed_003,1.8415533360202503
2024-07-15T13:01:55.589Z,speed_003,1.8360293073062919
2024-07-15T13:02:00.593Z,speed_003,1.7512435040222336
2024-07-15T13:02:05.595Z,speed_003,1.7546483092035217
2024-07-15T13:02:10.599Z,speed_003,1.7727127908821778
2024-07-15T13:02:15.605Z,speed_003,1.7971881272059482
2024-07-15T13:02:20.610Z,speed_003,1.812106602927474
2024-07-15T13:02:25.615Z,speed_003,1.7945714183229347
2024-07-15T13:02:30.616Z,speed_003,1.8400190513513388
timestamp,sensor_id,speed
2024-07-15T13:02:35.619Z,speed_003,1.7748686253697321
2024-07-15T13:02:40.625Z,speed_003,1.8426486528560693
2024-07-15T13:02:45.627Z,speed_003,1.777880452978472
2024-07-15T13:02:50.631Z,speed_003,1.848229798381834
2024-07-15T13:02:55.635Z,speed_003,1.8268635830474336
2024-07-15T13:03:00.639Z,speed_003,1.7939859048259166
2024-07-15T13:03:05.643Z,speed_003,1.7515585066860027
2024-07-15T13:03:10.648Z,speed_003,1.8216493254312751
2024-07-15T13:03:15.653Z,speed_003,1.7747708470253765
2024-07-15T13:03:20.655Z,speed_003,1.8344553926313583
2024-07-15T13:03:25.659Z,speed_003,1.7844431214949006
2024-07-15T13:03:30.662Z,speed_003,1.8085301836861571
2024-07-15T13:03:35.668Z,speed_003,1.8463932264849632
2024-07-15T13:03:40.673Z,speed_003,1.7928622119398776
2024-07-15T13:03:45.676Z,speed_003,1.794095783396766
2024-07-15T13:03:50.679Z,speed_003,1.8050718798996526
2024-07-15T13:03:55.681Z,speed_003,1.757650126326338
2024-07-15T13:04:00.683Z,speed_003,1.7756660188196771
2024-07-15T13:04:05.689Z,speed_003,1.8421398425758206
2024-07-15T13:04:10.695Z,speed_003,1.763498982432946
2024-07-15T13:04:15.700Z,speed_003,1.799931595665436
2024-07-15T13:04:20.705Z,speed_003,1.8017766977048784
2024-07-15T13:04:25.710Z,speed_003,1.8098735800390604
2024-07-15T13:04:30.713Z,speed_003,1.8357467596684007
2024-07-15T13:04:35.718Z,speed_003,1.7846852677347669
2024-07-15T13:04:40.723Z,speed_003,1.7751215560703804
2024-07-15T13:04:45.728Z,speed_003,1.7906047804387681
2024-07-15T13:04:50.734Z,speed_003,1.8188001328286347
2024-07-15T13:04:55.740Z,speed_003,1.7770396129974235
2024-07-15T13:05:00.743Z,speed_003,1.8497722721511554
2024-07-15T13:05:05.747Z,speed_003,1.8412408006625713
2024-07-15T13:05:10.753Z,speed_003,1.761976612090579
2024-07-15T13:05:15.756Z,speed_003,1.812062941331424
2024-07-15T13:05:20.761Z,speed_003,1.8308942656959077
2024-07-15T13:05:25.767Z,speed_003,1.7521010324377098
2024-07-15T13:05:30.771Z,speed_003,1.809053238650592
2024-07-15T13:05:35.776Z,speed_003,1.7571717554261506
2024-07-15T13:05:40.781Z,speed_003,1.794228939462351
2024-07-15T13:05:45.786Z,speed_003,1.7619737945617693
2024-07-15T13:05:50.791Z,speed_003,1.7942850677477964
2024-07-15T13:05:55.797Z,speed_003,1.796287766122192
2024-07-15T13:06:00.799Z,speed_003,1.8000940658324005
2024-07-15T13:06:05.803Z,speed_003,1.7864624602291648
2024-07-15T13:06:10.809Z,speed_003,1.822037343164347
2024-07-15T13:06:15.811Z,speed_003,1.7968375175605324
timestamp,sensor_id,speed
2024-07-15T13:06:20.815Z,speed_003,1.8134904338004996
2024-07-15T13:06:25.819Z,speed_003,1.784433847008106
2024-07-15T13:06:30.821Z,speed_003,1.7512219363232204
2024-07-15T13:06:35.826Z,speed_003,1.8103197022491033
2024-07-15T13:06:40.827Z,speed_003,1.8196297056861408
2024-07-15T13:06:45.833Z,speed_003,1.8043997931163203
2024-07-15T13:06:50.835Z,speed_003,1.8299586334547078
timestamp,sensor_id,speed
2024-07-15T13:06:55.839Z,speed_003,1.7821353165896396
2024-07-15T13:07:00.843Z,speed_003,1.8204011432058755
2024-07-15T13:07:05.847Z,speed_003,1.8428341699028754
2024-07-15T13:07:10.853Z,speed_003,1.800457815586218
2024-07-15T13:07:15.859Z,speed_003,1.8276298820216856
2024-07-15T13:07:20.863Z,speed_003,1.7710646276926343
2024-07-15T13:07:25.866Z,speed_003,1.8129111707615775
2024-07-15T13:07:30.869Z,speed_003,1.8138231096154929
2024-07-15T13:07:35.874Z,speed_003,1.8031016464189995
2024-07-15T13:07:40.879Z,speed_003,1.8140528300068037
2024-07-15T13:07:45.881Z,speed_003,1.7833892190943548
2024-07-15T13:07:50.886Z,speed_003,1.8371677691474722
2024-07-15T13:07:55.891Z,speed_003,1.772015931540773
2024-07-15T13:08:00.895Z,speed_003,1.808209689177458
2024-07-15T13:08:05.900Z,speed_003,1.7668493327209875
2024-07-15T13:08:10.905Z,speed_003,1.8470078320219505
2024-07-15T13:08:15.907Z,speed_003,1.8002655188155428
2024-07-15T13:08:20.913Z,speed_003,1.7677324368276168
2024-07-15T13:08:25.918Z,speed_003,1.7809650262525818
2024-07-15T13:08:30.919Z,speed_003,1.8098162743686639
2024-07-15T13:08:35.924Z,speed_003,1.8073146352234473
2024-07-15T13:08:40.929Z,speed_003,1.8372921833857832
2024-07-15T13:08:45.935Z,speed_003,1.8267279413624442
2024-07-15T13:08:50.940Z,speed_003,1.7976033716270166
2024-07-15T13:08:55.946Z,speed_003,1.8338786616054639
2024-07-15T13:09:00.950Z,speed_003,1.7856135227117933
2024-07-15T13:09:05.951Z,speed_003,1.7548709403180025
2024-07-15T13:09:10.956Z,speed_003,1.7546849891982246
2024-07-15T13:09:15.961Z,speed_003,1.7999384008320545
2024-07-15T13:09:20.966Z,speed_003,1.7606001149851942
2024-07-15T13:09:25.971Z,speed_003,1.8034018595910355
2024-07-15T13:09:30.974Z,speed_003,1.7676402952632928
2024-07-15T13:09:35.980Z,speed_003,1.7878388086449772
2024-07-15T13:09:40.986Z,speed_003,1.7723073128470046
2024-07-15T13:09:45.992Z,speed_003,1.8219132275946384
2024-07-15T13:09:50.996Z,speed_003,1.8025368306176774
2024-07-15T13:09:56.002Z,speed_003,1.77453727825309
2024-07-15T13:10:01.004Z,speed_003,1.8333336143939776
2024-07-15T13:10:06.006Z,speed_003,1.847172574760126
2024-07-15T13:10:11.011Z,speed_003,1.8167497508745853
2024-07-15T13:10:16.015Z,speed_003,1.815887650578448
2024-07-15T13:10:21.018Z,speed_003,1.8335533808908289
2024-07-15T13:10:26.023Z,speed_003,1.8358004707772917
2024-07-15T13:10:31.027Z,speed_003,1.8201971346906372
2024-07-15T13:10:36.032Z,speed_003,1.808516656891342
2024-07-15T13:10:41.035Z,speed_003,1.8404437701884413
2024-07-15T13:10:46.039Z,speed_003,1.7646042640039397
2024-07-15T13:10:51.045Z,speed_003,1.7554610273601672
2024-07-15T13:10:56.050Z,speed_003,1.7980668081265267
2024-07-15T13:11:01.053Z,speed_003,1.7882747745924525
2024-07-15T13:11:06.059Z,speed_003,1.7589245827894409
2024-07-15T13:11:11.065Z,speed_003,1.8427104673017571
2024-07-15T13:11:16.070Z,speed_003,1.757130787619313
2024-07-15T13:11:21.075Z,speed_003,1.751889351164841
2024-07-15T13:11:26.081Z,speed_003,1.8059152269418501
2024-07-15T13:11:31.084Z,speed_003,1.8301308376737924
2024-07-15T13:11:36.090Z,speed_003,1.8051416438377357
2024-07-15T13:11:41.095Z,speed_003,1.7508479988468872
2024-07-15T13:11:46.100Z,speed_003,1.7633417454793194
2024-07-15T13:11:51.105Z,speed_003,1.8105964844700384
2024-07-15T13:11:56.110Z,speed_003,1.771279152628422
2024-07-15T13:12:01.114Z,speed_003,1.7538865804393102
2024-07-15T13:12:06.119Z,speed_003,1.8024589130399007
2024-07-15T13:12:11.124Z,speed_003,1.8146373549563242
2024-07-15T13:12:16.127Z,speed_003,1.8363180134189652
2024-07-15T13:12:21.131Z,speed_003,1.7832082412254204
2024-07-15T13:12:26.135Z,speed_003,1.7962967278649882
2024-07-15T13:12:31.139Z,speed_003,1.8280181509688311
timestamp,sensor_id,speed
2024-07-15T13:12:36.145Z,speed_003,1.816900414651759
2024-07-15T13:12:41.147Z,speed_003,1.7532081052359412
2024-07-15T13:12:46.153Z,speed_003,1.7779468918692496
2024-07-15T13:12:51.159Z,speed_003,1.7574527135850004
2024-07-15T13:12:56.164Z,speed_003,1.83056711711258
2024-07-15T13:13:01.167Z,speed_003,1.7853436850634796
2024-07-15T13:13:06.171Z,speed_003,1.7935053075925147
2024-07-15T13:13:11.175Z,speed_003,1.7557063040365994
2024-07-15T13:13:16.179Z,speed_003,1.8337942731349253
2024-07-15T13:13:21.185Z,speed_003,1.7638925000912762
2024-07-15T13:13:26.187Z,speed_003,1.845584918139008
2024-07-15T13:13:31.191Z,speed_003,1.8061662069750042
2024-07-15T13:13:36.197Z,speed_003,1.7944097317615666
2024-07-15T13:13:41.199Z,speed_003,1.7916442150108896
2024-07-15T13:13:46.200Z,speed_003,1.7871136943873347
2024-07-15T13:13:51.206Z,speed_003,1.7696967839594897
2024-07-15T13:13:56.210Z,speed_003,1.7545477762009276
2024-07-15T13:14:01.211Z,speed_003,1.7783333968738144
2024-07-15T13:14:06.215Z,speed_003,1.7991231262588245
2024-07-15T13:14:11.221Z,speed_003,1.7691578293570918
2024-07-15T13:14:16.223Z,speed_003,1.776445957508155
2024-07-15T13:14:21.227Z,speed_003,1.7970144333564382
2024-07-15T13:14:26.231Z,speed_003,1.8233031162205884
2024-07-15T13:14:31.235Z,speed_003,1.7652988037615727
2024-07-15T13:14:36.240Z,speed_003,1.8112235564415853
2024-07-15T13:14:41.243Z,speed_003,1.8065245902704525
2024-07-15T13:14:46.247Z,speed_003,1.7577013674362014
2024-07-15T13:14:51.251Z,speed_003,1.7871645592825953
2024-07-15T13:14:56.257Z,speed_003,1.7736207524821326
2024-07-15T13:15:01.259Z,speed_003,1.7834174539280718
2024-07-15T13:15:06.263Z,speed_003,1.81160880985706
2024-07-15T13:15:11.267Z,speed_003,1.776425355248709
2024-07-15T13:15:16.271Z,speed_003,1.7688247655649
2024-07-15T13:15:21.277Z,speed_003,1.8479270496982818
2024-07-15T13:15:26.279Z,speed_003,1.751490186904456
2024-07-15T13:15:31.283Z,speed_003,1.7895489147333943
timestamp,sensor_id,speed
2024-07-15T13:15:36.287Z,speed_003,1.7671622983218902
2024-07-15T13:15:41.293Z,speed_003,1.7855558315477926
2024-07-15T13:15:46.295Z,speed_003,1.8250505040829932
2024-07-15T13:15:51.301Z,speed_003,1.8453650204595742
2024-07-15T13:15:56.303Z,speed_003,1.790687655219842
2024-07-15T13:16:01.306Z,speed_003,1.8290559024306214
2024-07-15T13:16:06.307Z,speed_003,1.7597449879347478
2024-07-15T13:16:11.311Z,speed_003,1.80616063114215
2024-07-15T13:16:16.316Z,speed_003,1.7669690418154262
2024-07-15T13:16:21.319Z,speed_003,1.8278179698732602
2024-07-15T13:16:26.323Z,speed_003,1.785795082936768
2024-07-15T13:16:31.327Z,speed_003,1.7698242969442044
2024-07-15T13:16:36.333Z,speed_003,1.8342910003348267
2024-07-15T13:16:41.335Z,speed_003,1.8138762789522132
2024-07-15T13:16:46.341Z,speed_003,1.7669202174236984
2024-07-15T13:16:51.347Z,speed_003,1.8050817163162525
2024-07-15T13:16:56.353Z,speed_003,1.7780676594330198
2024-07-15T13:17:01.356Z,speed_003,1.8495032529952282
2024-07-15T13:17:06.359Z,speed_003,1.812769197995474
2024-07-15T13:17:11.365Z,speed_003,1.7550699830832504
2024-07-15T13:17:16.367Z,speed_003,1.7835157357145395
2024-07-15T13:17:21.371Z,speed_003,1.770435022019798
2024-07-15T13:17:26.377Z,speed_003,1.7906635600658651
2024-07-15T13:17:31.381Z,speed_003,1.80835487474466
2024-07-15T13:17:36.386Z,speed_003,1.7500667174785192
2024-07-15T13:17:41.391Z,speed_003,1.7997529586053225
2024-07-15T13:17:46.395Z,speed_003,1.7649620092094298
2024-07-15T13:17:51.400Z,speed_003,1.8116948959109327
2024-07-15T13:17:56.403Z,speed_003,1.8087890317763935
2024-07-15T13:18:01.406Z,speed_003,1.7575716350395854
2024-07-15T13:18:06.409Z,speed_003,1.8337148484649615
2024-07-15T13:18:11.414Z,speed_003,1.8045709727260493
2024-07-15T13:18:16.415Z,speed_003,1.7542441378579199
2024-07-15T13:18:21.421Z,speed_003,1.8309316025924505
2024-07-15T13:18:26.423Z,speed_003,1.7779530075613774
2024-07-15T13:18:31.427Z,speed_003,1.7593868140011026
2024-07-15T13:18:36.431Z,speed_003,1.7627676688593394
2024-07-15T13:18:41.435Z,speed_003,1.8459699005598496
2024-07-15T13:18:46.439Z,speed_003,1.759452464170741
